id,category,value
0,A,1.0
1,B,1.0
2,C,1.0
3,D,1.0
4,E,1.0
5,A,1.0
6,B,1.0
7,C,1.0
8,D,1.0
9,E,1.0
10,A,1.0
11,B,1.0
12,C,1.0
13,D,1.0
14,E,1.0
15,A,1.0
16,B,1.0
17,C,1.0
18,D,1.0
19,E,1.0
20,A,1.0
21,B,1.0
22,C,1.0
23,D,1.0
24,E,1.0
25,A,1.0
26,B,1.0
27,C,1.0
28,D,1.0
29,E,1.0
30,A,1.0
31,B,1.0
32,C,1.0
33,D,1.0
34,E,1.0
35,A,1.0
36,B,1.0
37,C,1.0
38,D,1.0
39,E,1.0
40,A,1.0
41,B,1.0
42,C,1.0
43,D,1.0
44,E,1.0
45,A,1.0
46,B,1.0
47,C,1.0
48,D,1.0
49,E,1.0
50,A,1.0
51,B,1.0
52,C,1.0
53,D,1.0
54,E,1.0
55,A,1.0
56,B,1.0
57,C,1.0
58,D,1.0
59,E,1.0
60,A,1.0
61,B,1.0
62,C,1.0
63,D,1.0
64,E,1.0
65,A,1.0
66,B,1.0
67,C,1.0
68,D,1.0
69,E,1.0
70,A,1.0
71,B,1.0
72,C,1.0
73,D,1.0
74,E,1.0
75,A,1.0
76,B,1.0
77,C,1.0
78,D,1.0
79,E,1.0
80,A,1.0
81,B,1.0
82,C,1.0
83,D,1.0
84,E,1.0
85,A,1.0
86,B,1.0
87,C,1.0
88,D,1.0
89,E,1.0
90,A,1.0
91,B,1.0
92,C,1.0
93,D,1.0
94,E,1.0
95,A,1.0
96,B,1.0
97,C,1.0
98,D,1.0
99,E,1.0
100,A,1.0
101,B,1.0
102,C,1.0
103,D,1.0
104,E,1.0
105,A,1.0
106,B,1.0
107,C,1.0
108,D,1.0
109,E,1.0
110,A,1.0
111,B,1.0
112,C,1.0
113,D,1.0
114,E,1.0
115,A,1.0
116,B,1.0
117,C,1.0
118,D,1.0
119,E,1.0
120,A,1.0
121,B,1.0
122,C,1.0
123,D,1.0
124,E,1.0
125,A,1.0
126,B,1.0
127,C,1.0
128,D,1.0
129,E,1.0
130,A,1.0
131,B,1.0
132,C,1.0
133,D,1.0
134,E,1.0
135,A,1.0
136,B,1.0
137,C,1.0
138,D,1.0
139,E,1.0
140,A,1.0
141,B,1.0
142,C,1.0
143,D,1.0
144,E,1.0
145,A,1.0
146,B,1.0
147,C,1.0
148,D,1.0
149,E,1.0
150,A,1.0
151,B,1.0
152,C,1.0
153,D,1.0
154,E,1.0
155,A,1.0
156,B,1.0
157,C,1.0
158,D,1.0
159,E,1.0
160,A,1.0
161,B,1.0
162,C,1.0
163,D,1.0
164,E,1.0
165,A,1.0
166,B,1.0
167,C,1.0
168,D,1.0
169,E,1.0
170,A,1.0
171,B,1.0
172,C,1.0
173,D,1.0
174,E,1.0
175,A,1.0
176,B,1.0
177,C,1.0
178,D,1.0
179,E,1.0
180,A,1.0
181,B,1.0
182,C,1.0
183,D,1.0
184,E,1.0
185,A,1.0
186,B,1.0
187,C,1.0
188,D,1.0
189,E,1.0
190,A,1.0
191,B,1.0
192,C,1.0
193,D,1.0
194,E,1.0
195,A,1.0
196,B,1.0
197,C,1.0
198,D,1.0
199,E,1.0
200,A,1.0
201,B,1.0
202,C,1.0
203,D,1.0
204,E,1.0
205,A,1.0
206,B,1.0
207,C,1.0
208,D,1.0
209,E,1.0
210,A,1.0
211,B,1.0
212,C,1.0
213,D,1.0
214,E,1.0
215,A,1.0
216,B,1.0
217,C,1.0
218,D,1.0
219,E,1.0
220,A,1.0
221,B,1.0
222,C,1.0
223,D,1.0
224,E,1.0
225,A,1.0
226,B,1.0
227,C,1.0
228,D,1.0
229,E,1.0
230,A,1.0
231,B,1.0
232,C,1.0
233,D,1.0
234,E,1.0
235,A,1.0
236,B,1.0
237,C,1.0
238,D,1.0
239,E,1.0
240,A,1.0
241,B,1.0
242,C,1.0
243,D,1.0
244,E,1.0
245,A,1.0
246,B,1.0
247,C,1.0
248,D,1.0
249,E,1.0
250,A,1.0
251,B,1.0
252,C,1.0
253,D,1.0
254,E,1.0
255,A,1.0
256,B,1.0
257,C,1.0
258,D,1.0
259,E,1.0
260,A,1.0
261,B,1.0
262,C,1.0
263,D,1.0
264,E,1.0
265,A,1.0
266,B,1.0
267,C,1.0
268,D,1.0
269,E,1.0
270,A,1.0
271,B,1.0
272,C,1.0
273,D,1.0
274,E,1.0
275,A,1.0
276,B,1.0
277,C,1.0
278,D,1.0
279,E,1.0
280,A,1.0
281,B,1.0
282,C,1.0
283,D,1.0
284,E,1.0
285,A,1.0
286,B,1.0
287,C,1.0
288,D,1.0
289,E,1.0
290,A,1.0
291,B,1.0
292,C,1.0
293,D,1.0
294,E,1.0
295,A,1.0
296,B,1.0
297,C,1.0
298,D,1.0
299,E,1.0
300,A,1.0
301,B,1.0
302,C,1.0
303,D,1.0
304,E,1.0
305,A,1.0
306,B,1.0
307,C,1.0
308,D,1.0
309,E,1.0
310,A,1.0
311,B,1.0
312,C,1.0
313,D,1.0
314,E,1.0
315,A,1.0
316,B,1.0
317,C,1.0
318,D,1.0
319,E,1.0
320,A,1.0
321,B,1.0
322,C,1.0
323,D,1.0
324,E,1.0
325,A,1.0
326,B,1.0
327,C,1.0
328,D,1.0
329,E,1.0
330,A,1.0
331,B,1.0
332,C,1.0
333,D,1.0
334,E,1.0
335,A,1.0
336,B,1.0
337,C,1.0
338,D,1.0
339,E,1.0
340,A,1.0
341,B,1.0
342,C,1.0
343,D,1.0
344,E,1.0
345,A,1.0
346,B,1.0
347,C,1.0
348,D,1.0
349,E,1.0
350,A,1.0
351,B,1.0
352,C,1.0
353,D,1.0
354,E,1.0
355,A,1.0
356,B,1.0
357,C,1.0
358,D,1.0
359,E,1.0
360,A,1.0
361,B,1.0
362,C,1.0
363,D,1.0
364,E,1.0
365,A,1.0
366,B,1.0
367,C,1.0
368,D,1.0
369,E,1.0
370,A,1.0
371,B,1.0
372,C,1.0
373,D,1.0
374,E,1.0
375,A,1.0
376,B,1.0
377,C,1.0
378,D,1.0
379,E,1.0
380,A,1.0
381,B,1.0
382,C,1.0
383,D,1.0
384,E,1.0
385,A,1.0
386,B,1.0
387,C,1.0
388,D,1.0
389,E,1.0
390,A,1.0
391,B,1.0
392,C,1.0
393,D,1.0
394,E,1.0
395,A,1.0
396,B,1.0
397,C,1.0
398,D,1.0
399,E,1.0
400,A,1.0
401,B,1.0
402,C,1.0
403,D,1.0
404,E,1.0
405,A,1.0
406,B,1.0
407,C,1.0
408,D,1.0
409,E,1.0
410,A,1.0
411,B,1.0
412,C,1.0
413,D,1.0
414,E,1.0
415,A,1.0
416,B,1.0
417,C,1.0
418,D,1.0
419,E,1.0
420,A,1.0
421,B,1.0
422,C,1.0
423,D,1.0
424,E,1.0
425,A,1.0
426,B,1.0
427,C,1.0
428,D,1.0
429,E,1.0
430,A,1.0
431,B,1.0
432,C,1.0
433,D,1.0
434,E,1.0
435,A,1.0
436,B,1.0
437,C,1.0
438,D,1.0
439,E,1.0
440,A,1.0
441,B,1.0
442,C,1.0
443,D,1.0
444,E,1.0
445,A,1.0
446,B,1.0
447,C,1.0
448,D,1.0
449,E,1.0
450,A,1.0
451,B,1.0
452,C,1.0
453,D,1.0
454,E,1.0
455,A,1.0
456,B,1.0
457,C,1.0
458,D,1.0
459,E,1.0
460,A,1.0
461,B,1.0
462,C,1.0
463,D,1.0
464,E,1.0
465,A,1.0
466,B,1.0
467,C,1.0
468,D,1.0
469,E,1.0
470,A,1.0
471,B,1.0
472,C,1.0
473,D,1.0
474,E,1.0
475,A,1.0
476,B,1.0
477,C,1.0
478,D,1.0
479,E,1.0
480,A,1.0
481,B,1.0
482,C,1.0
483,D,1.0
484,E,1.0
485,A,1.0
486,B,1.0
487,C,1.0
488,D,1.0
489,E,1.0
490,A,1.0
491,B,1.0
492,C,1.0
493,D,1.0
494,E,1.0
495,A,1.0
496,B,1.0
497,C,1.0
498,D,1.0
499,E,1.0
500,A,1.0
501,B,1.0
502,C,1.0
503,D,1.0
504,E,1.0
505,A,1.0
506,B,1.0
507,C,1.0
508,D,1.0
509,E,1.0
510,A,1.0
511,B,1.0
512,C,1.0
513,D,1.0
514,E,1.0
515,A,1.0
516,B,1.0
517,C,1.0
518,D,1.0
519,E,1.0
520,A,1.0
521,B,1.0
522,C,1.0
523,D,1.0
524,E,1.0
525,A,1.0
526,B,1.0
527,C,1.0
528,D,1.0
529,E,1.0
530,A,1.0
531,B,1.0
532,C,1.0
533,D,1.0
534,E,1.0
535,A,1.0
536,B,1.0
537,C,1.0
538,D,1.0
539,E,1.0
540,A,1.0
541,B,1.0
542,C,1.0
543,D,1.0
544,E,1.0
545,A,1.0
546,B,1.0
547,C,1.0
548,D,1.0
549,E,1.0
550,A,1.0
551,B,1.0
552,C,1.0
553,D,1.0
554,E,1.0
555,A,1.0
556,B,1.0
557,C,1.0
558,D,1.0
559,E,1.0
560,A,1.0
561,B,1.0
562,C,1.0
563,D,1.0
564,E,1.0
565,A,1.0
566,B,1.0
567,C,1.0
568,D,1.0
569,E,1.0
570,A,1.0
571,B,1.0
572,C,1.0
573,D,1.0
574,E,1.0
575,A,1.0
576,B,1.0
577,C,1.0
578,D,1.0
579,E,1.0
580,A,1.0
581,B,1.0
582,C,1.0
583,D,1.0
584,E,1.0
585,A,1.0
586,B,1.0
587,C,1.0
588,D,1.0
589,E,1.0
590,A,1.0
591,B,1.0
592,C,1.0
593,D,1.0
594,E,1.0
595,A,1.0
596,B,1.0
597,C,1.0
598,D,1.0
599,E,1.0
600,A,1.0
601,B,1.0
602,C,1.0
603,D,1.0
604,E,1.0
605,A,1.0
606,B,1.0
607,C,1.0
608,D,1.0
609,E,1.0
610,A,1.0
611,B,1.0
612,C,1.0
613,D,1.0
614,E,1.0
615,A,1.0
616,B,1.0
617,C,1.0
618,D,1.0
619,E,1.0
620,A,1.0
621,B,1.0
622,C,1.0
623,D,1.0
624,E,1.0
625,A,1.0
626,B,1.0
627,C,1.0
628,D,1.0
629,E,1.0
630,A,1.0
631,B,1.0
632,C,1.0
633,D,1.0
634,E,1.0
635,A,1.0
636,B,1.0
637,C,1.0
638,D,1.0
639,E,1.0
640,A,1.0
641,B,1.0
642,C,1.0
643,D,1.0
644,E,1.0
645,A,1.0
646,B,1.0
647,C,1.0
648,D,1.0
649,E,1.0
650,A,1.0
651,B,1.0
652,C,1.0
653,D,1.0
654,E,1.0
655,A,1.0
656,B,1.0
657,C,1.0
658,D,1.0
659,E,1.0
660,A,1.0
661,B,1.0
662,C,1.0
663,D,1.0
664,E,1.0
665,A,1.0
666,B,1.0
667,C,1.0
668,D,1.0
669,E,1.0
670,A,1.0
671,B,1.0
672,C,1.0
673,D,1.0
674,E,1.0
675,A,1.0
676,B,1.0
677,C,1.0
678,D,1.0
679,E,1.0
680,A,1.0
681,B,1.0
682,C,1.0
683,D,1.0
684,E,1.0
685,A,1.0
686,B,1.0
687,C,1.0
688,D,1.0
689,E,1.0
690,A,1.0
691,B,1.0
692,C,1.0
693,D,1.0
694,E,1.0
695,A,1.0
696,B,1.0
697,C,1.0
698,D,1.0
699,E,1.0
700,A,1.0
701,B,1.0
702,C,1.0
703,D,1.0
704,E,1.0
705,A,1.0
706,B,1.0
707,C,1.0
708,D,1.0
709,E,1.0
710,A,1.0
711,B,1.0
712,C,1.0
713,D,1.0
714,E,1.0
715,A,1.0
716,B,1.0
717,C,1.0
718,D,1.0
719,E,1.0
720,A,1.0
721,B,1.0
722,C,1.0
723,D,1.0
724,E,1.0
725,A,1.0
726,B,1.0
727,C,1.0
728,D,1.0
729,E,1.0
730,A,1.0
731,B,1.0
732,C,1.0
733,D,1.0
734,E,1.0
735,A,1.0
736,B,1.0
737,C,1.0
738,D,1.0
739,E,1.0
740,A,1.0
741,B,1.0
742,C,1.0
743,D,1.0
744,E,1.0
745,A,1.0
746,B,1.0
747,C,1.0
748,D,1.0
749,E,1.0
750,A,1.0
751,B,1.0
752,C,1.0
753,D,1.0
754,E,1.0
755,A,1.0
756,B,1.0
757,C,1.0
758,D,1.0
759,E,1.0
760,A,1.0
761,B,1.0
762,C,1.0
763,D,1.0
764,E,1.0
765,A,1.0
766,B,1.0
767,C,1.0
768,D,1.0
769,E,1.0
770,A,1.0
771,B,1.0
772,C,1.0
773,D,1.0
774,E,1.0
775,A,1.0
776,B,1.0
777,C,1.0
778,D,1.0
779,E,1.0
780,A,1.0
781,B,1.0
782,C,1.0
783,D,1.0
784,E,1.0
785,A,1.0
786,B,1.0
787,C,1.0
788,D,1.0
789,E,1.0
790,A,1.0
791,B,1.0
792,C,1.0
793,D,1.0
794,E,1.0
795,A,1.0
796,B,1.0
797,C,1.0
798,D,1.0
799,E,1.0
800,A,1.0
801,B,1.0
802,C,1.0
803,D,1.0
804,E,1.0
805,A,1.0
806,B,1.0
807,C,1.0
808,D,1.0
809,E,1.0
810,A,1.0
811,B,1.0
812,C,1.0
813,D,1.0
814,E,1.0
815,A,1.0
816,B,1.0
817,C,1.0
818,D,1.0
819,E,1.0
820,A,1.0
821,B,1.0
822,C,1.0
823,D,1.0
824,E,1.0
825,A,1.0
826,B,1.0
827,C,1.0
828,D,1.0
829,E,1.0
830,A,1.0
831,B,1.0
832,C,1.0
833,D,1.0
834,E,1.0
835,A,1.0
836,B,1.0
837,C,1.0
838,D,1.0
839,E,1.0
840,A,1.0
841,B,1.0
842,C,1.0
843,D,1.0
844,E,1.0
845,A,1.0
846,B,1.0
847,C,1.0
848,D,1.0
849,E,1.0
850,A,1.0
851,B,1.0
852,C,1.0
853,D,1.0
854,E,1.0
855,A,1.0
856,B,1.0
857,C,1.0
858,D,1.0
859,E,1.0
860,A,1.0
861,B,1.0
862,C,1.0
863,D,1.0
864,E,1.0
865,A,1.0
866,B,1.0
867,C,1.0
868,D,1.0
869,E,1.0
870,A,1.0
871,B,1.0
872,C,1.0
873,D,1.0
874,E,1.0
875,A,1.0
876,B,1.0
877,C,1.0
878,D,1.0
879,E,1.0
880,A,1.0
881,B,1.0
882,C,1.0
883,D,1.0
884,E,1.0
885,A,1.0
886,B,1.0
887,C,1.0
888,D,1.0
889,E,1.0
890,A,1.0
891,B,1.0
892,C,1.0
893,D,1.0
894,E,1.0
895,A,1.0
896,B,1.0
897,C,1.0
898,D,1.0
899,E,1.0
900,A,1.0
901,B,1.0
902,C,1.0
903,D,1.0
904,E,1.0
905,A,1.0
906,B,1.0
907,C,1.0
908,D,1.0
909,E,1.0
910,A,1.0
911,B,1.0
912,C,1.0
913,D,1.0
914,E,1.0
915,A,1.0
916,B,1.0
917,C,1.0
918,D,1.0
919,E,1.0
920,A,1.0
921,B,1.0
922,C,1.0
923,D,1.0
924,E,1.0
925,A,1.0
926,B,1.0
927,C,1.0
928,D,1.0
929,E,1.0
930,A,1.0
931,B,1.0
932,C,1.0
933,D,1.0
934,E,1.0
935,A,1.0
936,B,1.0
937,C,1.0
938,D,1.0
939,E,1.0
940,A,1.0
941,B,1.0
942,C,1.0
943,D,1.0
944,E,1.0
945,A,1.0
946,B,1.0
947,C,1.0
948,D,1.0
949,E,1.0
950,A,1.0
951,B,1.0
952,C,1.0
953,D,1.0
954,E,1.0
955,A,1.0
956,B,1.0
957,C,1.0
958,D,1.0
959,E,1.0
960,A,1.0
961,B,1.0
962,C,1.0
963,D,1.0
964,E,1.0
965,A,1.0
966,B,1.0
967,C,1.0
968,D,1.0
969,E,1.0
970,A,1.0
971,B,1.0
972,C,1.0
973,D,1.0
974,E,1.0
975,A,1.0
976,B,1.0
977,C,1.0
978,D,1.0
979,E,1.0
980,A,1.0
981,B,1.0
982,C,1.0
983,D,1.0
984,E,1.0
985,A,1.0
986,B,1.0
987,C,1.0
988,D,1.0
989,E,1.0
990,A,1.0
991,B,1.0
992,C,1.0
993,D,1.0
994,E,1.0
995,A,1.0
996,B,1.0
997,C,1.0
998,D,1.0
999,E,1.0
1000,A,1.0
1001,B,1.0
1002,C,1.0
1003,D,1.0
1004,E,1.0
1005,A,1.0
1006,B,1.0
1007,C,1.0
1008,D,1.0
1009,E,1.0
1010,A,1.0
1011,B,1.0
1012,C,1.0
1013,D,1.0
1014,E,1.0
1015,A,1.0
1016,B,1.0
1017,C,1.0
1018,D,1.0
1019,E,1.0
1020,A,1.0
1021,B,1.0
1022,C,1.0
1023,D,1.0
1024,E,1.0
1025,A,1.0
1026,B,1.0
1027,C,1.0
1028,D,1.0
1029,E,1.0
1030,A,1.0
1031,B,1.0
1032,C,1.0
1033,D,1.0
1034,E,1.0
1035,A,1.0
1036,B,1.0
1037,C,1.0
1038,D,1.0
1039,E,1.0
1040,A,1.0
1041,B,1.0
1042,C,1.0
1043,D,1.0
1044,E,1.0
1045,A,1.0
1046,B,1.0
1047,C,1.0
1048,D,1.0
1049,E,1.0
1050,A,1.0
1051,B,1.0
1052,C,1.0
1053,D,1.0
1054,E,1.0
1055,A,1.0
1056,B,1.0
1057,C,1.0
1058,D,1.0
1059,E,1.0
1060,A,1.0
1061,B,1.0
1062,C,1.0
1063,D,1.0
1064,E,1.0
1065,A,1.0
1066,B,1.0
1067,C,1.0
1068,D,1.0
1069,E,1.0
1070,A,1.0
1071,B,1.0
1072,C,1.0
1073,D,1.0
1074,E,1.0
1075,A,1.0
1076,B,1.0
1077,C,1.0
1078,D,1.0
1079,E,1.0
1080,A,1.0
1081,B,1.0
1082,C,1.0
1083,D,1.0
1084,E,1.0
1085,A,1.0
1086,B,1.0
1087,C,1.0
1088,D,1.0
1089,E,1.0
1090,A,1.0
1091,B,1.0
1092,C,1.0
1093,D,1.0
1094,E,1.0
1095,A,1.0
1096,B,1.0
1097,C,1.0
1098,D,1.0
1099,E,1.0
1100,A,1.0
1101,B,1.0
1102,C,1.0
1103,D,1.0
1104,E,1.0
1105,A,1.0
1106,B,1.0
1107,C,1.0
1108,D,1.0
1109,E,1.0
1110,A,1.0
1111,B,1.0
1112,C,1.0
1113,D,1.0
1114,E,1.0
1115,A,1.0
1116,B,1.0
1117,C,1.0
1118,D,1.0
1119,E,1.0
1120,A,1.0
1121,B,1.0
1122,C,1.0
1123,D,1.0
1124,E,1.0
1125,A,1.0
1126,B,1.0
1127,C,1.0
1128,D,1.0
1129,E,1.0
1130,A,1.0
1131,B,1.0
1132,C,1.0
1133,D,1.0
1134,E,1.0
1135,A,1.0
1136,B,1.0
1137,C,1.0
1138,D,1.0
1139,E,1.0
1140,A,1.0
1141,B,1.0
1142,C,1.0
1143,D,1.0
1144,E,1.0
1145,A,1.0
1146,B,1.0
1147,C,1.0
1148,D,1.0
1149,E,1.0
1150,A,1.0
1151,B,1.0
1152,C,1.0
1153,D,1.0
1154,E,1.0
1155,A,1.0
1156,B,1.0
1157,C,1.0
1158,D,1.0
1159,E,1.0
1160,A,1.0
1161,B,1.0
1162,C,1.0
1163,D,1.0
1164,E,1.0
1165,A,1.0
1166,B,1.0
1167,C,1.0
1168,D,1.0
1169,E,1.0
1170,A,1.0
1171,B,1.0
1172,C,1.0
1173,D,1.0
1174,E,1.0
1175,A,1.0
1176,B,1.0
1177,C,1.0
1178,D,1.0
1179,E,1.0
1180,A,1.0
1181,B,1.0
1182,C,1.0
1183,D,1.0
1184,E,1.0
1185,A,1.0
1186,B,1.0
1187,C,1.0
1188,D,1.0
1189,E,1.0
1190,A,1.0
1191,B,1.0
1192,C,1.0
1193,D,1.0
1194,E,1.0
1195,A,1.0
1196,B,1.0
1197,C,1.0
1198,D,1.0
1199,E,1.0
1200,A,1.0
1201,B,1.0
1202,C,1.0
1203,D,1.0
1204,E,1.0
1205,A,1.0
1206,B,1.0
1207,C,1.0
1208,D,1.0
1209,E,1.0
1210,A,1.0
1211,B,1.0
1212,C,1.0
1213,D,1.0
1214,E,1.0
1215,A,1.0
1216,B,1.0
1217,C,1.0
1218,D,1.0
1219,E,1.0
1220,A,1.0
1221,B,1.0
1222,C,1.0
1223,D,1.0
1224,E,1.0
1225,A,1.0
1226,B,1.0
1227,C,1.0
1228,D,1.0
1229,E,1.0
1230,A,1.0
1231,B,1.0
1232,C,1.0
1233,D,1.0
1234,E,1.0
1235,A,1.0
1236,B,1.0
1237,C,1.0
1238,D,1.0
1239,E,1.0
1240,A,1.0
1241,B,1.0
1242,C,1.0
1243,D,1.0
1244,E,1.0
1245,A,1.0
1246,B,1.0
1247,C,1.0
1248,D,1.0
1249,E,1.0
1250,A,1.0
1251,B,1.0
1252,C,1.0
1253,D,1.0
1254,E,1.0
1255,A,1.0
1256,B,1.0
1257,C,1.0
1258,D,1.0
1259,E,1.0
1260,A,1.0
1261,B,1.0
1262,C,1.0
1263,D,1.0
1264,E,1.0
1265,A,1.0
1266,B,1.0
1267,C,1.0
1268,D,1.0
1269,E,1.0
1270,A,1.0
1271,B,1.0
1272,C,1.0
1273,D,1.0
1274,E,1.0
1275,A,1.0
1276,B,1.0
1277,C,1.0
1278,D,1.0
1279,E,1.0
1280,A,1.0
1281,B,1.0
1282,C,1.0
1283,D,1.0
1284,E,1.0
1285,A,1.0
1286,B,1.0
1287,C,1.0
1288,D,1.0
1289,E,1.0
1290,A,1.0
1291,B,1.0
1292,C,1.0
1293,D,1.0
1294,E,1.0
1295,A,1.0
1296,B,1.0
1297,C,1.0
1298,D,1.0
1299,E,1.0
1300,A,1.0
1301,B,1.0
1302,C,1.0
1303,D,1.0
1304,E,1.0
1305,A,1.0
1306,B,1.0
1307,C,1.0
1308,D,1.0
1309,E,1.0
1310,A,1.0
1311,B,1.0
1312,C,1.0
1313,D,1.0
1314,E,1.0
1315,A,1.0
1316,B,1.0
1317,C,1.0
1318,D,1.0
1319,E,1.0
1320,A,1.0
1321,B,1.0
1322,C,1.0
1323,D,1.0
1324,E,1.0
1325,A,1.0
1326,B,1.0
1327,C,1.0
1328,D,1.0
1329,E,1.0
1330,A,1.0
1331,B,1.0
1332,C,1.0
1333,D,1.0
1334,E,1.0
1335,A,1.0
1336,B,1.0
1337,C,1.0
1338,D,1.0
1339,E,1.0
1340,A,1.0
1341,B,1.0
1342,C,1.0
1343,D,1.0
1344,E,1.0
1345,A,1.0
1346,B,1.0
1347,C,1.0
1348,D,1.0
1349,E,1.0
1350,A,1.0
1351,B,1.0
1352,C,1.0
1353,D,1.0
1354,E,1.0
1355,A,1.0
1356,B,1.0
1357,C,1.0
1358,D,1.0
1359,E,1.0
1360,A,1.0
1361,B,1.0
1362,C,1.0
1363,D,1.0
1364,E,1.0
1365,A,1.0
1366,B,1.0
1367,C,1.0
1368,D,1.0
1369,E,1.0
1370,A,1.0
1371,B,1.0
1372,C,1.0
1373,D,1.0
1374,E,1.0
1375,A,1.0
1376,B,1.0
1377,C,1.0
1378,D,1.0
1379,E,1.0
1380,A,1.0
1381,B,1.0
1382,C,1.0
1383,D,1.0
1384,E,1.0
1385,A,1.0
1386,B,1.0
1387,C,1.0
1388,D,1.0
1389,E,1.0
1390,A,1.0
1391,B,1.0
1392,C,1.0
1393,D,1.0
1394,E,1.0
1395,A,1.0
1396,B,1.0
1397,C,1.0
1398,D,1.0
1399,E,1.0
1400,A,1.0
1401,B,1.0
1402,C,1.0
1403,D,1.0
1404,E,1.0
1405,A,1.0
1406,B,1.0
1407,C,1.0
1408,D,1.0
1409,E,1.0
1410,A,1.0
1411,B,1.0
1412,C,1.0
1413,D,1.0
1414,E,1.0
1415,A,1.0
1416,B,1.0
1417,C,1.0
1418,D,1.0
1419,E,1.0
1420,A,1.0
1421,B,1.0
1422,C,1.0
1423,D,1.0
1424,E,1.0
1425,A,1.0
1426,B,1.0
1427,C,1.0
1428,D,1.0
1429,E,1.0
1430,A,1.0
1431,B,1.0
1432,C,1.0
1433,D,1.0
1434,E,1.0
1435,A,1.0
1436,B,1.0
1437,C,1.0
1438,D,1.0
1439,E,1.0
1440,A,1.0
1441,B,1.0
1442,C,1.0
1443,D,1.0
1444,E,1.0
1445,A,1.0
1446,B,1.0
1447,C,1.0
1448,D,1.0
1449,E,1.0
1450,A,1.0
1451,B,1.0
1452,C,1.0
1453,D,1.0
1454,E,1.0
1455,A,1.0
1456,B,1.0
1457,C,1.0
1458,D,1.0
1459,E,1.0
1460,A,1.0
1461,B,1.0
1462,C,1.0
1463,D,1.0
1464,E,1.0
1465,A,1.0
1466,B,1.0
1467,C,1.0
1468,D,1.0
1469,E,1.0
1470,A,1.0
1471,B,1.0
1472,C,1.0
1473,D,1.0
1474,E,1.0
1475,A,1.0
1476,B,1.0
1477,C,1.0
1478,D,1.0
1479,E,1.0
1480,A,1.0
1481,B,1.0
1482,C,1.0
1483,D,1.0
1484,E,1.0
1485,A,1.0
1486,B,1.0
1487,C,1.0
1488,D,1.0
1489,E,1.0
1490,A,1.0
1491,B,1.0
1492,C,1.0
1493,D,1.0
1494,E,1.0
1495,A,1.0
1496,B,1.0
1497,C,1.0
1498,D,1.0
1499,E,1.0
1500,A,1.0
1501,B,1.0
1502,C,1.0
1503,D,1.0
1504,E,1.0
1505,A,1.0
1506,B,1.0
1507,C,1.0
1508,D,1.0
1509,E,1.0
1510,A,1.0
1511,B,1.0
1512,C,1.0
1513,D,1.0
1514,E,1.0
1515,A,1.0
1516,B,1.0
1517,C,1.0
1518,D,1.0
1519,E,1.0
1520,A,1.0
1521,B,1.0
1522,C,1.0
1523,D,1.0
1524,E,1.0
1525,A,1.0
1526,B,1.0
1527,C,1.0
1528,D,1.0
1529,E,1.0
1530,A,1.0
1531,B,1.0
1532,C,1.0
1533,D,1.0
1534,E,1.0
1535,A,1.0
1536,B,1.0
1537,C,1.0
1538,D,1.0
1539,E,1.0
1540,A,1.0
1541,B,1.0
1542,C,1.0
1543,D,1.0
1544,E,1.0
1545,A,1.0
1546,B,1.0
1547,C,1.0
1548,D,1.0
1549,E,1.0
1550,A,1.0
1551,B,1.0
1552,C,1.0
1553,D,1.0
1554,E,1.0
1555,A,1.0
1556,B,1.0
1557,C,1.0
1558,D,1.0
1559,E,1.0
1560,A,1.0
1561,B,1.0
1562,C,1.0
1563,D,1.0
1564,E,1.0
1565,A,1.0
1566,B,1.0
1567,C,1.0
1568,D,1.0
1569,E,1.0
1570,A,1.0
1571,B,1.0
1572,C,1.0
1573,D,1.0
1574,E,1.0
1575,A,1.0
1576,B,1.0
1577,C,1.0
1578,D,1.0
1579,E,1.0
1580,A,1.0
1581,B,1.0
1582,C,1.0
1583,D,1.0
1584,E,1.0
1585,A,1.0
1586,B,1.0
1587,C,1.0
1588,D,1.0
1589,E,1.0
1590,A,1.0
1591,B,1.0
1592,C,1.0
1593,D,1.0
1594,E,1.0
1595,A,1.0
1596,B,1.0
1597,C,1.0
1598,D,1.0
1599,E,1.0
1600,A,1.0
1601,B,1.0
1602,C,1.0
1603,D,1.0
1604,E,1.0
1605,A,1.0
1606,B,1.0
1607,C,1.0
1608,D,1.0
1609,E,1.0
1610,A,1.0
1611,B,1.0
1612,C,1.0
1613,D,1.0
1614,E,1.0
1615,A,1.0
1616,B,1.0
1617,C,1.0
1618,D,1.0
1619,E,1.0
1620,A,1.0
1621,B,1.0
1622,C,1.0
1623,D,1.0
1624,E,1.0
1625,A,1.0
1626,B,1.0
1627,C,1.0
1628,D,1.0
1629,E,1.0
1630,A,1.0
1631,B,1.0
1632,C,1.0
1633,D,1.0
1634,E,1.0
1635,A,1.0
1636,B,1.0
1637,C,1.0
1638,D,1.0
1639,E,1.0
1640,A,1.0
1641,B,1.0
1642,C,1.0
1643,D,1.0
1644,E,1.0
1645,A,1.0
1646,B,1.0
1647,C,1.0
1648,D,1.0
1649,E,1.0
1650,A,1.0
1651,B,1.0
1652,C,1.0
1653,D,1.0
1654,E,1.0
1655,A,1.0
1656,B,1.0
1657,C,1.0
1658,D,1.0
1659,E,1.0
1660,A,1.0
1661,B,1.0
1662,C,1.0
1663,D,1.0
1664,E,1.0
1665,A,1.0
1666,B,1.0
1667,C,1.0
1668,D,1.0
1669,E,1.0
1670,A,1.0
1671,B,1.0
1672,C,1.0
1673,D,1.0
1674,E,1.0
1675,A,1.0
1676,B,1.0
1677,C,1.0
1678,D,1.0
1679,E,1.0
1680,A,1.0
1681,B,1.0
1682,C,1.0
1683,D,1.0
1684,E,1.0
1685,A,1.0
1686,B,1.0
1687,C,1.0
1688,D,1.0
1689,E,1.0
1690,A,1.0
1691,B,1.0
1692,C,1.0
1693,D,1.0
1694,E,1.0
1695,A,1.0
1696,B,1.0
1697,C,1.0
1698,D,1.0
1699,E,1.0
1700,A,1.0
1701,B,1.0
1702,C,1.0
1703,D,1.0
1704,E,1.0
1705,A,1.0
1706,B,1.0
1707,C,1.0
1708,D,1.0
1709,E,1.0
1710,A,1.0
1711,B,1.0
1712,C,1.0
1713,D,1.0
1714,E,1.0
1715,A,1.0
1716,B,1.0
1717,C,1.0
1718,D,1.0
1719,E,1.0
1720,A,1.0
1721,B,1.0
1722,C,1.0
1723,D,1.0
1724,E,1.0
1725,A,1.0
1726,B,1.0
1727,C,1.0
1728,D,1.0
1729,E,1.0
1730,A,1.0
1731,B,1.0
1732,C,1.0
1733,D,1.0
1734,E,1.0
1735,A,1.0
1736,B,1.0
1737,C,1.0
1738,D,1.0
1739,E,1.0
1740,A,1.0
1741,B,1.0
1742,C,1.0
1743,D,1.0
1744,E,1.0
1745,A,1.0
1746,B,1.0
1747,C,1.0
1748,D,1.0
1749,E,1.0
1750,A,1.0
1751,B,1.0
1752,C,1.0
1753,D,1.0
1754,E,1.0
1755,A,1.0
1756,B,1.0
1757,C,1.0
1758,D,1.0
1759,E,1.0
1760,A,1.0
1761,B,1.0
1762,C,1.0
1763,D,1.0
1764,E,1.0
1765,A,1.0
1766,B,1.0
1767,C,1.0
1768,D,1.0
1769,E,1.0
1770,A,1.0
1771,B,1.0
1772,C,1.0
1773,D,1.0
1774,E,1.0
1775,A,1.0
1776,B,1.0
1777,C,1.0
1778,D,1.0
1779,E,1.0
1780,A,1.0
1781,B,1.0
1782,C,1.0
1783,D,1.0
1784,E,1.0
1785,A,1.0
1786,B,1.0
1787,C,1.0
1788,D,1.0
1789,E,1.0
1790,A,1.0
1791,B,1.0
1792,C,1.0
1793,D,1.0
1794,E,1.0
1795,A,1.0
1796,B,1.0
1797,C,1.0
1798,D,1.0
1799,E,1.0
1800,A,1.0
1801,B,1.0
1802,C,1.0
1803,D,1.0
1804,E,1.0
1805,A,1.0
1806,B,1.0
1807,C,1.0
1808,D,1.0
1809,E,1.0
1810,A,1.0
1811,B,1.0
1812,C,1.0
1813,D,1.0
1814,E,1.0
1815,A,1.0
1816,B,1.0
1817,C,1.0
1818,D,1.0
1819,E,1.0
1820,A,1.0
1821,B,1.0
1822,C,1.0
1823,D,1.0
1824,E,1.0
1825,A,1.0
1826,B,1.0
1827,C,1.0
1828,D,1.0
1829,E,1.0
1830,A,1.0
1831,B,1.0
1832,C,1.0
1833,D,1.0
1834,E,1.0
1835,A,1.0
1836,B,1.0
1837,C,1.0
1838,D,1.0
1839,E,1.0
1840,A,1.0
1841,B,1.0
1842,C,1.0
1843,D,1.0
1844,E,1.0
1845,A,1.0
1846,B,1.0
1847,C,1.0
1848,D,1.0
1849,E,1.0
1850,A,1.0
1851,B,1.0
1852,C,1.0
1853,D,1.0
1854,E,1.0
1855,A,1.0
1856,B,1.0
1857,C,1.0
1858,D,1.0
1859,E,1.0
1860,A,1.0
1861,B,1.0
1862,C,1.0
1863,D,1.0
1864,E,1.0
1865,A,1.0
1866,B,1.0
1867,C,1.0
1868,D,1.0
1869,E,1.0
1870,A,1.0
1871,B,1.0
1872,C,1.0
1873,D,1.0
1874,E,1.0
1875,A,1.0
1876,B,1.0
1877,C,1.0
1878,D,1.0
1879,E,1.0
1880,A,1.0
1881,B,1.0
1882,C,1.0
1883,D,1.0
1884,E,1.0
1885,A,1.0
1886,B,1.0
1887,C,1.0
1888,D,1.0
1889,E,1.0
1890,A,1.0
1891,B,1.0
1892,C,1.0
1893,D,1.0
1894,E,1.0
1895,A,1.0
1896,B,1.0
1897,C,1.0
1898,D,1.0
1899,E,1.0
1900,A,1.0
1901,B,1.0
1902,C,1.0
1903,D,1.0
1904,E,1.0
1905,A,1.0
1906,B,1.0
1907,C,1.0
1908,D,1.0
1909,E,1.0
1910,A,1.0
1911,B,1.0
1912,C,1.0
1913,D,1.0
1914,E,1.0
1915,A,1.0
1916,B,1.0
1917,C,1.0
1918,D,1.0
1919,E,1.0
1920,A,1.0
1921,B,1.0
1922,C,1.0
1923,D,1.0
1924,E,1.0
1925,A,1.0
1926,B,1.0
1927,C,1.0
1928,D,1.0
1929,E,1.0
1930,A,1.0
1931,B,1.0
1932,C,1.0
1933,D,1.0
1934,E,1.0
1935,A,1.0
1936,B,1.0
1937,C,1.0
1938,D,1.0
1939,E,1.0
1940,A,1.0
1941,B,1.0
1942,C,1.0
1943,D,1.0
1944,E,1.0
1945,A,1.0
1946,B,1.0
1947,C,1.0
1948,D,1.0
1949,E,1.0
1950,A,1.0
1951,B,1.0
1952,C,1.0
1953,D,1.0
1954,E,1.0
1955,A,1.0
1956,B,1.0
1957,C,1.0
1958,D,1.0
1959,E,1.0
1960,A,1.0
1961,B,1.0
1962,C,1.0
1963,D,1.0
1964,E,1.0
1965,A,1.0
1966,B,1.0
1967,C,1.0
1968,D,1.0
1969,E,1.0
1970,A,1.0
1971,B,1.0
1972,C,1.0
1973,D,1.0
1974,E,1.0
1975,A,1.0
1976,B,1.0
1977,C,1.0
1978,D,1.0
1979,E,1.0
1980,A,1.0
1981,B,1.0
1982,C,1.0
1983,D,1.0
1984,E,1.0
1985,A,1.0
1986,B,1.0
1987,C,1.0
1988,D,1.0
1989,E,1.0
1990,A,1.0
1991,B,1.0
1992,C,1.0
1993,D,1.0
1994,E,1.0
1995,A,1.0
1996,B,1.0
1997,C,1.0
1998,D,1.0
1999,E,1.0
2000,A,1.0
2001,B,1.0
2002,C,1.0
2003,D,1.0
2004,E,1.0
2005,A,1.0
2006,B,1.0
2007,C,1.0
2008,D,1.0
2009,E,1.0
2010,A,1.0
2011,B,1.0
2012,C,1.0
2013,D,1.0
2014,E,1.0
2015,A,1.0
2016,B,1.0
2017,C,1.0
2018,D,1.0
2019,E,1.0
2020,A,1.0
2021,B,1.0
2022,C,1.0
2023,D,1.0
2024,E,1.0
2025,A,1.0
2026,B,1.0
2027,C,1.0
2028,D,1.0
2029,E,1.0
2030,A,1.0
2031,B,1.0
2032,C,1.0
2033,D,1.0
2034,E,1.0
2035,A,1.0
2036,B,1.0
2037,C,1.0
2038,D,1.0
2039,E,1.0
2040,A,1.0
2041,B,1.0
2042,C,1.0
2043,D,1.0
2044,E,1.0
2045,A,1.0
2046,B,1.0
2047,C,1.0
2048,D,1.0
2049,E,1.0
2050,A,1.0
2051,B,1.0
2052,C,1.0
2053,D,1.0
2054,E,1.0
2055,A,1.0
2056,B,1.0
2057,C,1.0
2058,D,1.0
2059,E,1.0
2060,A,1.0
2061,B,1.0
2062,C,1.0
2063,D,1.0
2064,E,1.0
2065,A,1.0
2066,B,1.0
2067,C,1.0
2068,D,1.0
2069,E,1.0
2070,A,1.0
2071,B,1.0
2072,C,1.0
2073,D,1.0
2074,E,1.0
2075,A,1.0
2076,B,1.0
2077,C,1.0
2078,D,1.0
2079,E,1.0
2080,A,1.0
2081,B,1.0
2082,C,1.0
2083,D,1.0
2084,E,1.0
2085,A,1.0
2086,B,1.0
2087,C,1.0
2088,D,1.0
2089,E,1.0
2090,A,1.0
2091,B,1.0
2092,C,1.0
2093,D,1.0
2094,E,1.0
2095,A,1.0
2096,B,1.0
2097,C,1.0
2098,D,1.0
2099,E,1.0
2100,A,1.0
2101,B,1.0
2102,C,1.0
2103,D,1.0
2104,E,1.0
2105,A,1.0
2106,B,1.0
2107,C,1.0
2108,D,1.0
2109,E,1.0
2110,A,1.0
2111,B,1.0
2112,C,1.0
2113,D,1.0
2114,E,1.0
2115,A,1.0
2116,B,1.0
2117,C,1.0
2118,D,1.0
2119,E,1.0
2120,A,1.0
2121,B,1.0
2122,C,1.0
2123,D,1.0
2124,E,1.0
2125,A,1.0
2126,B,1.0
2127,C,1.0
2128,D,1.0
2129,E,1.0
2130,A,1.0
2131,B,1.0
2132,C,1.0
2133,D,1.0
2134,E,1.0
2135,A,1.0
2136,B,1.0
2137,C,1.0
2138,D,1.0
2139,E,1.0
2140,A,1.0
2141,B,1.0
2142,C,1.0
2143,D,1.0
2144,E,1.0
2145,A,1.0
2146,B,1.0
2147,C,1.0
2148,D,1.0
2149,E,1.0
2150,A,1.0
2151,B,1.0
2152,C,1.0
2153,D,1.0
2154,E,1.0
2155,A,1.0
2156,B,1.0
2157,C,1.0
2158,D,1.0
2159,E,1.0
2160,A,1.0
2161,B,1.0
2162,C,1.0
2163,D,1.0
2164,E,1.0
2165,A,1.0
2166,B,1.0
2167,C,1.0
2168,D,1.0
2169,E,1.0
2170,A,1.0
2171,B,1.0
2172,C,1.0
2173,D,1.0
2174,E,1.0
2175,A,1.0
2176,B,1.0
2177,C,1.0
2178,D,1.0
2179,E,1.0
2180,A,1.0
2181,B,1.0
2182,C,1.0
2183,D,1.0
2184,E,1.0
2185,A,1.0
2186,B,1.0
2187,C,1.0
2188,D,1.0
2189,E,1.0
2190,A,1.0
2191,B,1.0
2192,C,1.0
2193,D,1.0
2194,E,1.0
2195,A,1.0
2196,B,1.0
2197,C,1.0
2198,D,1.0
2199,E,1.0
2200,A,1.0
2201,B,1.0
2202,C,1.0
2203,D,1.0
2204,E,1.0
2205,A,1.0
2206,B,1.0
2207,C,1.0
2208,D,1.0
2209,E,1.0
2210,A,1.0
2211,B,1.0
2212,C,1.0
2213,D,1.0
2214,E,1.0
2215,A,1.0
2216,B,1.0
2217,C,1.0
2218,D,1.0
2219,E,1.0
2220,A,1.0
2221,B,1.0
2222,C,1.0
2223,D,1.0
2224,E,1.0
2225,A,1.0
2226,B,1.0
2227,C,1.0
2228,D,1.0
2229,E,1.0
2230,A,1.0
2231,B,1.0
2232,C,1.0
2233,D,1.0
2234,E,1.0
2235,A,1.0
2236,B,1.0
2237,C,1.0
2238,D,1.0
2239,E,1.0
2240,A,1.0
2241,B,1.0
2242,C,1.0
2243,D,1.0
2244,E,1.0
2245,A,1.0
2246,B,1.0
2247,C,1.0
2248,D,1.0
2249,E,1.0
2250,A,1.0
2251,B,1.0
2252,C,1.0
2253,D,1.0
2254,E,1.0
2255,A,1.0
2256,B,1.0
2257,C,1.0
2258,D,1.0
2259,E,1.0
2260,A,1.0
2261,B,1.0
2262,C,1.0
2263,D,1.0
2264,E,1.0
2265,A,1.0
2266,B,1.0
2267,C,1.0
2268,D,1.0
2269,E,1.0
2270,A,1.0
2271,B,1.0
2272,C,1.0
2273,D,1.0
2274,E,1.0
2275,A,1.0
2276,B,1.0
2277,C,1.0
2278,D,1.0
2279,E,1.0
2280,A,1.0
2281,B,1.0
2282,C,1.0
2283,D,1.0
2284,E,1.0
2285,A,1.0
2286,B,1.0
2287,C,1.0
2288,D,1.0
2289,E,1.0
2290,A,1.0
2291,B,1.0
2292,C,1.0
2293,D,1.0
2294,E,1.0
2295,A,1.0
2296,B,1.0
2297,C,1.0
2298,D,1.0
2299,E,1.0
2300,A,1.0
2301,B,1.0
2302,C,1.0
2303,D,1.0
2304,E,1.0
2305,A,1.0
2306,B,1.0
2307,C,1.0
2308,D,1.0
2309,E,1.0
2310,A,1.0
2311,B,1.0
2312,C,1.0
2313,D,1.0
2314,E,1.0
2315,A,1.0
2316,B,1.0
2317,C,1.0
2318,D,1.0
2319,E,1.0
2320,A,1.0
2321,B,1.0
2322,C,1.0
2323,D,1.0
2324,E,1.0
2325,A,1.0
2326,B,1.0
2327,C,1.0
2328,D,1.0
2329,E,1.0
2330,A,1.0
2331,B,1.0
2332,C,1.0
2333,D,1.0
2334,E,1.0
2335,A,1.0
2336,B,1.0
2337,C,1.0
2338,D,1.0
2339,E,1.0
2340,A,1.0
2341,B,1.0
2342,C,1.0
2343,D,1.0
2344,E,1.0
2345,A,1.0
2346,B,1.0
2347,C,1.0
2348,D,1.0
2349,E,1.0
2350,A,1.0
2351,B,1.0
2352,C,1.0
2353,D,1.0
2354,E,1.0
2355,A,1.0
2356,B,1.0
2357,C,1.0
2358,D,1.0
2359,E,1.0
2360,A,1.0
2361,B,1.0
2362,C,1.0
2363,D,1.0
2364,E,1.0
2365,A,1.0
2366,B,1.0
2367,C,1.0
2368,D,1.0
2369,E,1.0
2370,A,1.0
2371,B,1.0
2372,C,1.0
2373,D,1.0
2374,E,1.0
2375,A,1.0
2376,B,1.0
2377,C,1.0
2378,D,1.0
2379,E,1.0
2380,A,1.0
2381,B,1.0
2382,C,1.0
2383,D,1.0
2384,E,1.0
2385,A,1.0
2386,B,1.0
2387,C,1.0
2388,D,1.0
2389,E,1.0
2390,A,1.0
2391,B,1.0
2392,C,1.0
2393,D,1.0
2394,E,1.0
2395,A,1.0
2396,B,1.0
2397,C,1.0
2398,D,1.0
2399,E,1.0
2400,A,1.0
2401,B,1.0
2402,C,1.0
2403,D,1.0
2404,E,1.0
2405,A,1.0
2406,B,1.0
2407,C,1.0
2408,D,1.0
2409,E,1.0
2410,A,1.0
2411,B,1.0
2412,C,1.0
2413,D,1.0
2414,E,1.0
2415,A,1.0
2416,B,1.0
2417,C,1.0
2418,D,1.0
2419,E,1.0
2420,A,1.0
2421,B,1.0
2422,C,1.0
2423,D,1.0
2424,E,1.0
2425,A,1.0
2426,B,1.0
2427,C,1.0
2428,D,1.0
2429,E,1.0
2430,A,1.0
2431,B,1.0
2432,C,1.0
2433,D,1.0
2434,E,1.0
2435,A,1.0
2436,B,1.0
2437,C,1.0
2438,D,1.0
2439,E,1.0
2440,A,1.0
2441,B,1.0
2442,C,1.0
2443,D,1.0
2444,E,1.0
2445,A,1.0
2446,B,1.0
2447,C,1.0
2448,D,1.0
2449,E,1.0
2450,A,1.0
2451,B,1.0
2452,C,1.0
2453,D,1.0
2454,E,1.0
2455,A,1.0
2456,B,1.0
2457,C,1.0
2458,D,1.0
2459,E,1.0
2460,A,1.0
2461,B,1.0
2462,C,1.0
2463,D,1.0
2464,E,1.0
2465,A,1.0
2466,B,1.0
2467,C,1.0
2468,D,1.0
2469,E,1.0
2470,A,1.0
2471,B,1.0
2472,C,1.0
2473,D,1.0
2474,E,1.0
2475,A,1.0
2476,B,1.0
2477,C,1.0
2478,D,1.0
2479,E,1.0
2480,A,1.0
2481,B,1.0
2482,C,1.0
2483,D,1.0
2484,E,1.0
2485,A,1.0
2486,B,1.0
2487,C,1.0
2488,D,1.0
2489,E,1.0
2490,A,1.0
2491,B,1.0
2492,C,1.0
2493,D,1.0
2494,E,1.0
2495,A,1.0
2496,B,1.0
2497,C,1.0
2498,D,1.0
2499,E,1.0
2500,A,1.0
2501,B,1.0
2502,C,1.0
2503,D,1.0
2504,E,1.0
2505,A,1.0
2506,B,1.0
2507,C,1.0
2508,D,1.0
2509,E,1.0
2510,A,1.0
2511,B,1.0
2512,C,1.0
2513,D,1.0
2514,E,1.0
2515,A,1.0
2516,B,1.0
2517,C,1.0
2518,D,1.0
2519,E,1.0
2520,A,1.0
2521,B,1.0
2522,C,1.0
2523,D,1.0
2524,E,1.0
2525,A,1.0
2526,B,1.0
2527,C,1.0
2528,D,1.0
2529,E,1.0
2530,A,1.0
2531,B,1.0
2532,C,1.0
2533,D,1.0
2534,E,1.0
2535,A,1.0
2536,B,1.0
2537,C,1.0
2538,D,1.0
2539,E,1.0
2540,A,1.0
2541,B,1.0
2542,C,1.0
2543,D,1.0
2544,E,1.0
2545,A,1.0
2546,B,1.0
2547,C,1.0
2548,D,1.0
2549,E,1.0
2550,A,1.0
2551,B,1.0
2552,C,1.0
2553,D,1.0
2554,E,1.0
2555,A,1.0
2556,B,1.0
2557,C,1.0
2558,D,1.0
2559,E,1.0
2560,A,1.0
2561,B,1.0
2562,C,1.0
2563,D,1.0
2564,E,1.0
2565,A,1.0
2566,B,1.0
2567,C,1.0
2568,D,1.0
2569,E,1.0
2570,A,1.0
2571,B,1.0
2572,C,1.0
2573,D,1.0
2574,E,1.0
2575,A,1.0
2576,B,1.0
2577,C,1.0
2578,D,1.0
2579,E,1.0
2580,A,1.0
2581,B,1.0
2582,C,1.0
2583,D,1.0
2584,E,1.0
2585,A,1.0
2586,B,1.0
2587,C,1.0
2588,D,1.0
2589,E,1.0
2590,A,1.0
2591,B,1.0
2592,C,1.0
2593,D,1.0
2594,E,1.0
2595,A,1.0
2596,B,1.0
2597,C,1.0
2598,D,1.0
2599,E,1.0
2600,A,1.0
2601,B,1.0
2602,C,1.0
2603,D,1.0
2604,E,1.0
2605,A,1.0
2606,B,1.0
2607,C,1.0
2608,D,1.0
2609,E,1.0
2610,A,1.0
2611,B,1.0
2612,C,1.0
2613,D,1.0
2614,E,1.0
2615,A,1.0
2616,B,1.0
2617,C,1.0
2618,D,1.0
2619,E,1.0
2620,A,1.0
2621,B,1.0
2622,C,1.0
2623,D,1.0
2624,E,1.0
2625,A,1.0
2626,B,1.0
2627,C,1.0
2628,D,1.0
2629,E,1.0
2630,A,1.0
2631,B,1.0
2632,C,1.0
2633,D,1.0
2634,E,1.0
2635,A,1.0
2636,B,1.0
2637,C,1.0
2638,D,1.0
2639,E,1.0
2640,A,1.0
2641,B,1.0
2642,C,1.0
2643,D,1.0
2644,E,1.0
2645,A,1.0
2646,B,1.0
2647,C,1.0
2648,D,1.0
2649,E,1.0
2650,A,1.0
2651,B,1.0
2652,C,1.0
2653,D,1.0
2654,E,1.0
2655,A,1.0
2656,B,1.0
2657,C,1.0
2658,D,1.0
2659,E,1.0
2660,A,1.0
2661,B,1.0
2662,C,1.0
2663,D,1.0
2664,E,1.0
2665,A,1.0
2666,B,1.0
2667,C,1.0
2668,D,1.0
2669,E,1.0
2670,A,1.0
2671,B,1.0
2672,C,1.0
2673,D,1.0
2674,E,1.0
2675,A,1.0
2676,B,1.0
2677,C,1.0
2678,D,1.0
2679,E,1.0
2680,A,1.0
2681,B,1.0
2682,C,1.0
2683,D,1.0
2684,E,1.0
2685,A,1.0
2686,B,1.0
2687,C,1.0
2688,D,1.0
2689,E,1.0
2690,A,1.0
2691,B,1.0
2692,C,1.0
2693,D,1.0
2694,E,1.0
2695,A,1.0
2696,B,1.0
2697,C,1.0
2698,D,1.0
2699,E,1.0
2700,A,1.0
2701,B,1.0
2702,C,1.0
2703,D,1.0
2704,E,1.0
2705,A,1.0
2706,B,1.0
2707,C,1.0
2708,D,1.0
2709,E,1.0
2710,A,1.0
2711,B,1.0
2712,C,1.0
2713,D,1.0
2714,E,1.0
2715,A,1.0
2716,B,1.0
2717,C,1.0
2718,D,1.0
2719,E,1.0
2720,A,1.0
2721,B,1.0
2722,C,1.0
2723,D,1.0
2724,E,1.0
2725,A,1.0
2726,B,1.0
2727,C,1.0
2728,D,1.0
2729,E,1.0
2730,A,1.0
2731,B,1.0
2732,C,1.0
2733,D,1.0
2734,E,1.0
2735,A,1.0
2736,B,1.0
2737,C,1.0
2738,D,1.0
2739,E,1.0
2740,A,1.0
2741,B,1.0
2742,C,1.0
2743,D,1.0
2744,E,1.0
2745,A,1.0
2746,B,1.0
2747,C,1.0
2748,D,1.0
2749,E,1.0
2750,A,1.0
2751,B,1.0
2752,C,1.0
2753,D,1.0
2754,E,1.0
2755,A,1.0
2756,B,1.0
2757,C,1.0
2758,D,1.0
2759,E,1.0
2760,A,1.0
2761,B,1.0
2762,C,1.0
2763,D,1.0
2764,E,1.0
2765,A,1.0
2766,B,1.0
2767,C,1.0
2768,D,1.0
2769,E,1.0
2770,A,1.0
2771,B,1.0
2772,C,1.0
2773,D,1.0
2774,E,1.0
2775,A,1.0
2776,B,1.0
2777,C,1.0
2778,D,1.0
2779,E,1.0
2780,A,1.0
2781,B,1.0
2782,C,1.0
2783,D,1.0
2784,E,1.0
2785,A,1.0
2786,B,1.0
2787,C,1.0
2788,D,1.0
2789,E,1.0
2790,A,1.0
2791,B,1.0
2792,C,1.0
2793,D,1.0
2794,E,1.0
2795,A,1.0
2796,B,1.0
2797,C,1.0
2798,D,1.0
2799,E,1.0
2800,A,1.0
2801,B,1.0
2802,C,1.0
2803,D,1.0
2804,E,1.0
2805,A,1.0
2806,B,1.0
2807,C,1.0
2808,D,1.0
2809,E,1.0
2810,A,1.0
2811,B,1.0
2812,C,1.0
2813,D,1.0
2814,E,1.0
2815,A,1.0
2816,B,1.0
2817,C,1.0
2818,D,1.0
2819,E,1.0
2820,A,1.0
2821,B,1.0
2822,C,1.0
2823,D,1.0
2824,E,1.0
2825,A,1.0
2826,B,1.0
2827,C,1.0
2828,D,1.0
2829,E,1.0
2830,A,1.0
2831,B,1.0
2832,C,1.0
2833,D,1.0
2834,E,1.0
2835,A,1.0
2836,B,1.0
2837,C,1.0
2838,D,1.0
2839,E,1.0
2840,A,1.0
2841,B,1.0
2842,C,1.0
2843,D,1.0
2844,E,1.0
2845,A,1.0
2846,B,1.0
2847,C,1.0
2848,D,1.0
2849,E,1.0
2850,A,1.0
2851,B,1.0
2852,C,1.0
2853,D,1.0
2854,E,1.0
2855,A,1.0
2856,B,1.0
2857,C,1.0
2858,D,1.0
2859,E,1.0
2860,A,1.0
2861,B,1.0
2862,C,1.0
2863,D,1.0
2864,E,1.0
2865,A,1.0
2866,B,1.0
2867,C,1.0
2868,D,1.0
2869,E,1.0
2870,A,1.0
2871,B,1.0
2872,C,1.0
2873,D,1.0
2874,E,1.0
2875,A,1.0
2876,B,1.0
2877,C,1.0
2878,D,1.0
2879,E,1.0
2880,A,1.0
2881,B,1.0
2882,C,1.0
2883,D,1.0
2884,E,1.0
2885,A,1.0
2886,B,1.0
2887,C,1.0
2888,D,1.0
2889,E,1.0
2890,A,1.0
2891,B,1.0
2892,C,1.0
2893,D,1.0
2894,E,1.0
2895,A,1.0
2896,B,1.0
2897,C,1.0
2898,D,1.0
2899,E,1.0
2900,A,1.0
2901,B,1.0
2902,C,1.0
2903,D,1.0
2904,E,1.0
2905,A,1.0
2906,B,1.0
2907,C,1.0
2908,D,1.0
2909,E,1.0
2910,A,1.0
2911,B,1.0
2912,C,1.0
2913,D,1.0
2914,E,1.0
2915,A,1.0
2916,B,1.0
2917,C,1.0
2918,D,1.0
2919,E,1.0
2920,A,1.0
2921,B,1.0
2922,C,1.0
2923,D,1.0
2924,E,1.0
2925,A,1.0
2926,B,1.0
2927,C,1.0
2928,D,1.0
2929,E,1.0
2930,A,1.0
2931,B,1.0
2932,C,1.0
2933,D,1.0
2934,E,1.0
2935,A,1.0
2936,B,1.0
2937,C,1.0
2938,D,1.0
2939,E,1.0
2940,A,1.0
2941,B,1.0
2942,C,1.0
2943,D,1.0
2944,E,1.0
2945,A,1.0
2946,B,1.0
2947,C,1.0
2948,D,1.0
2949,E,1.0
2950,A,1.0
2951,B,1.0
2952,C,1.0
2953,D,1.0
2954,E,1.0
2955,A,1.0
2956,B,1.0
2957,C,1.0
2958,D,1.0
2959,E,1.0
2960,A,1.0
2961,B,1.0
2962,C,1.0
2963,D,1.0
2964,E,1.0
2965,A,1.0
2966,B,1.0
2967,C,1.0
2968,D,1.0
2969,E,1.0
2970,A,1.0
2971,B,1.0
2972,C,1.0
2973,D,1.0
2974,E,1.0
2975,A,1.0
2976,B,1.0
2977,C,1.0
2978,D,1.0
2979,E,1.0
2980,A,1.0
2981,B,1.0
2982,C,1.0
2983,D,1.0
2984,E,1.0
2985,A,1.0
2986,B,1.0
2987,C,1.0
2988,D,1.0
2989,E,1.0
2990,A,1.0
2991,B,1.0
2992,C,1.0
2993,D,1.0
2994,E,1.0
2995,A,1.0
2996,B,1.0
2997,C,1.0
2998,D,1.0
2999,E,1.0
3000,A,1.0
3001,B,1.0
3002,C,1.0
3003,D,1.0
3004,E,1.0
3005,A,1.0
3006,B,1.0
3007,C,1.0
3008,D,1.0
3009,E,1.0
3010,A,1.0
3011,B,1.0
3012,C,1.0
3013,D,1.0
3014,E,1.0
3015,A,1.0
3016,B,1.0
3017,C,1.0
3018,D,1.0
3019,E,1.0
3020,A,1.0
3021,B,1.0
3022,C,1.0
3023,D,1.0
3024,E,1.0
3025,A,1.0
3026,B,1.0
3027,C,1.0
3028,D,1.0
3029,E,1.0
3030,A,1.0
3031,B,1.0
3032,C,1.0
3033,D,1.0
3034,E,1.0
3035,A,1.0
3036,B,1.0
3037,C,1.0
3038,D,1.0
3039,E,1.0
3040,A,1.0
3041,B,1.0
3042,C,1.0
3043,D,1.0
3044,E,1.0
3045,A,1.0
3046,B,1.0
3047,C,1.0
3048,D,1.0
3049,E,1.0
3050,A,1.0
3051,B,1.0
3052,C,1.0
3053,D,1.0
3054,E,1.0
3055,A,1.0
3056,B,1.0
3057,C,1.0
3058,D,1.0
3059,E,1.0
3060,A,1.0
3061,B,1.0
3062,C,1.0
3063,D,1.0
3064,E,1.0
3065,A,1.0
3066,B,1.0
3067,C,1.0
3068,D,1.0
3069,E,1.0
3070,A,1.0
3071,B,1.0
3072,C,1.0
3073,D,1.0
3074,E,1.0
3075,A,1.0
3076,B,1.0
3077,C,1.0
3078,D,1.0
3079,E,1.0
3080,A,1.0
3081,B,1.0
3082,C,1.0
3083,D,1.0
3084,E,1.0
3085,A,1.0
3086,B,1.0
3087,C,1.0
3088,D,1.0
3089,E,1.0
3090,A,1.0
3091,B,1.0
3092,C,1.0
3093,D,1.0
3094,E,1.0
3095,A,1.0
3096,B,1.0
3097,C,1.0
3098,D,1.0
3099,E,1.0
3100,A,1.0
3101,B,1.0
3102,C,1.0
3103,D,1.0
3104,E,1.0
3105,A,1.0
3106,B,1.0
3107,C,1.0
3108,D,1.0
3109,E,1.0
3110,A,1.0
3111,B,1.0
3112,C,1.0
3113,D,1.0
3114,E,1.0
3115,A,1.0
3116,B,1.0
3117,C,1.0
3118,D,1.0
3119,E,1.0
3120,A,1.0
3121,B,1.0
3122,C,1.0
3123,D,1.0
3124,E,1.0
3125,A,1.0
3126,B,1.0
3127,C,1.0
3128,D,1.0
3129,E,1.0
3130,A,1.0
3131,B,1.0
3132,C,1.0
3133,D,1.0
3134,E,1.0
3135,A,1.0
3136,B,1.0
3137,C,1.0
3138,D,1.0
3139,E,1.0
3140,A,1.0
3141,B,1.0
3142,C,1.0
3143,D,1.0
3144,E,1.0
3145,A,1.0
3146,B,1.0
3147,C,1.0
3148,D,1.0
3149,E,1.0
3150,A,1.0
3151,B,1.0
3152,C,1.0
3153,D,1.0
3154,E,1.0
3155,A,1.0
3156,B,1.0
3157,C,1.0
3158,D,1.0
3159,E,1.0
3160,A,1.0
3161,B,1.0
3162,C,1.0
3163,D,1.0
3164,E,1.0
3165,A,1.0
3166,B,1.0
3167,C,1.0
3168,D,1.0
3169,E,1.0
3170,A,1.0
3171,B,1.0
3172,C,1.0
3173,D,1.0
3174,E,1.0
3175,A,1.0
3176,B,1.0
3177,C,1.0
3178,D,1.0
3179,E,1.0
3180,A,1.0
3181,B,1.0
3182,C,1.0
3183,D,1.0
3184,E,1.0
3185,A,1.0
3186,B,1.0
3187,C,1.0
3188,D,1.0
3189,E,1.0
3190,A,1.0
3191,B,1.0
3192,C,1.0
3193,D,1.0
3194,E,1.0
3195,A,1.0
3196,B,1.0
3197,C,1.0
3198,D,1.0
3199,E,1.0
3200,A,1.0
3201,B,1.0
3202,C,1.0
3203,D,1.0
3204,E,1.0
3205,A,1.0
3206,B,1.0
3207,C,1.0
3208,D,1.0
3209,E,1.0
3210,A,1.0
3211,B,1.0
3212,C,1.0
3213,D,1.0
3214,E,1.0
3215,A,1.0
3216,B,1.0
3217,C,1.0
3218,D,1.0
3219,E,1.0
3220,A,1.0
3221,B,1.0
3222,C,1.0
3223,D,1.0
3224,E,1.0
3225,A,1.0
3226,B,1.0
3227,C,1.0
3228,D,1.0
3229,E,1.0
3230,A,1.0
3231,B,1.0
3232,C,1.0
3233,D,1.0
3234,E,1.0
3235,A,1.0
3236,B,1.0
3237,C,1.0
3238,D,1.0
3239,E,1.0
3240,A,1.0
3241,B,1.0
3242,C,1.0
3243,D,1.0
3244,E,1.0
3245,A,1.0
3246,B,1.0
3247,C,1.0
3248,D,1.0
3249,E,1.0
3250,A,1.0
3251,B,1.0
3252,C,1.0
3253,D,1.0
3254,E,1.0
3255,A,1.0
3256,B,1.0
3257,C,1.0
3258,D,1.0
3259,E,1.0
3260,A,1.0
3261,B,1.0
3262,C,1.0
3263,D,1.0
3264,E,1.0
3265,A,1.0
3266,B,1.0
3267,C,1.0
3268,D,1.0
3269,E,1.0
3270,A,1.0
3271,B,1.0
3272,C,1.0
3273,D,1.0
3274,E,1.0
3275,A,1.0
3276,B,1.0
3277,C,1.0
3278,D,1.0
3279,E,1.0
3280,A,1.0
3281,B,1.0
3282,C,1.0
3283,D,1.0
3284,E,1.0
3285,A,1.0
3286,B,1.0
3287,C,1.0
3288,D,1.0
3289,E,1.0
3290,A,1.0
3291,B,1.0
3292,C,1.0
3293,D,1.0
3294,E,1.0
3295,A,1.0
3296,B,1.0
3297,C,1.0
3298,D,1.0
3299,E,1.0
3300,A,1.0
3301,B,1.0
3302,C,1.0
3303,D,1.0
3304,E,1.0
3305,A,1.0
3306,B,1.0
3307,C,1.0
3308,D,1.0
3309,E,1.0
3310,A,1.0
3311,B,1.0
3312,C,1.0
3313,D,1.0
3314,E,1.0
3315,A,1.0
3316,B,1.0
3317,C,1.0
3318,D,1.0
3319,E,1.0
3320,A,1.0
3321,B,1.0
3322,C,1.0
3323,D,1.0
3324,E,1.0
3325,A,1.0
3326,B,1.0
3327,C,1.0
3328,D,1.0
3329,E,1.0
3330,A,1.0
3331,B,1.0
3332,C,1.0
3333,D,1.0
3334,E,1.0
3335,A,1.0
3336,B,1.0
3337,C,1.0
3338,D,1.0
3339,E,1.0
3340,A,1.0
3341,B,1.0
3342,C,1.0
3343,D,1.0
3344,E,1.0
3345,A,1.0
3346,B,1.0
3347,C,1.0
3348,D,1.0
3349,E,1.0
3350,A,1.0
3351,B,1.0
3352,C,1.0
3353,D,1.0
3354,E,1.0
3355,A,1.0
3356,B,1.0
3357,C,1.0
3358,D,1.0
3359,E,1.0
3360,A,1.0
3361,B,1.0
3362,C,1.0
3363,D,1.0
3364,E,1.0
3365,A,1.0
3366,B,1.0
3367,C,1.0
3368,D,1.0
3369,E,1.0
3370,A,1.0
3371,B,1.0
3372,C,1.0
3373,D,1.0
3374,E,1.0
3375,A,1.0
3376,B,1.0
3377,C,1.0
3378,D,1.0
3379,E,1.0
3380,A,1.0
3381,B,1.0
3382,C,1.0
3383,D,1.0
3384,E,1.0
3385,A,1.0
3386,B,1.0
3387,C,1.0
3388,D,1.0
3389,E,1.0
3390,A,1.0
3391,B,1.0
3392,C,1.0
3393,D,1.0
3394,E,1.0
3395,A,1.0
3396,B,1.0
3397,C,1.0
3398,D,1.0
3399,E,1.0
3400,A,1.0
3401,B,1.0
3402,C,1.0
3403,D,1.0
3404,E,1.0
3405,A,1.0
3406,B,1.0
3407,C,1.0
3408,D,1.0
3409,E,1.0
3410,A,1.0
3411,B,1.0
3412,C,1.0
3413,D,1.0
3414,E,1.0
3415,A,1.0
3416,B,1.0
3417,C,1.0
3418,D,1.0
3419,E,1.0
3420,A,1.0
3421,B,1.0
3422,C,1.0
3423,D,1.0
3424,E,1.0
3425,A,1.0
3426,B,1.0
3427,C,1.0
3428,D,1.0
3429,E,1.0
3430,A,1.0
3431,B,1.0
3432,C,1.0
3433,D,1.0
3434,E,1.0
3435,A,1.0
3436,B,1.0
3437,C,1.0
3438,D,1.0
3439,E,1.0
3440,A,1.0
3441,B,1.0
3442,C,1.0
3443,D,1.0
3444,E,1.0
3445,A,1.0
3446,B,1.0
3447,C,1.0
3448,D,1.0
3449,E,1.0
3450,A,1.0
3451,B,1.0
3452,C,1.0
3453,D,1.0
3454,E,1.0
3455,A,1.0
3456,B,1.0
3457,C,1.0
3458,D,1.0
3459,E,1.0
3460,A,1.0
3461,B,1.0
3462,C,1.0
3463,D,1.0
3464,E,1.0
3465,A,1.0
3466,B,1.0
3467,C,1.0
3468,D,1.0
3469,E,1.0
3470,A,1.0
3471,B,1.0
3472,C,1.0
3473,D,1.0
3474,E,1.0
3475,A,1.0
3476,B,1.0
3477,C,1.0
3478,D,1.0
3479,E,1.0
3480,A,1.0
3481,B,1.0
3482,C,1.0
3483,D,1.0
3484,E,1.0
3485,A,1.0
3486,B,1.0
3487,C,1.0
3488,D,1.0
3489,E,1.0
3490,A,1.0
3491,B,1.0
3492,C,1.0
3493,D,1.0
3494,E,1.0
3495,A,1.0
3496,B,1.0
3497,C,1.0
3498,D,1.0
3499,E,1.0
3500,A,1.0
3501,B,1.0
3502,C,1.0
3503,D,1.0
3504,E,1.0
3505,A,1.0
3506,B,1.0
3507,C,1.0
3508,D,1.0
3509,E,1.0
3510,A,1.0
3511,B,1.0
3512,C,1.0
3513,D,1.0
3514,E,1.0
3515,A,1.0
3516,B,1.0
3517,C,1.0
3518,D,1.0
3519,E,1.0
3520,A,1.0
3521,B,1.0
3522,C,1.0
3523,D,1.0
3524,E,1.0
3525,A,1.0
3526,B,1.0
3527,C,1.0
3528,D,1.0
3529,E,1.0
3530,A,1.0
3531,B,1.0
3532,C,1.0
3533,D,1.0
3534,E,1.0
3535,A,1.0
3536,B,1.0
3537,C,1.0
3538,D,1.0
3539,E,1.0
3540,A,1.0
3541,B,1.0
3542,C,1.0
3543,D,1.0
3544,E,1.0
3545,A,1.0
3546,B,1.0
3547,C,1.0
3548,D,1.0
3549,E,1.0
3550,A,1.0
3551,B,1.0
3552,C,1.0
3553,D,1.0
3554,E,1.0
3555,A,1.0
3556,B,1.0
3557,C,1.0
3558,D,1.0
3559,E,1.0
3560,A,1.0
3561,B,1.0
3562,C,1.0
3563,D,1.0
3564,E,1.0
3565,A,1.0
3566,B,1.0
3567,C,1.0
3568,D,1.0
3569,E,1.0
3570,A,1.0
3571,B,1.0
3572,C,1.0
3573,D,1.0
3574,E,1.0
3575,A,1.0
3576,B,1.0
3577,C,1.0
3578,D,1.0
3579,E,1.0
3580,A,1.0
3581,B,1.0
3582,C,1.0
3583,D,1.0
3584,E,1.0
3585,A,1.0
3586,B,1.0
3587,C,1.0
3588,D,1.0
3589,E,1.0
3590,A,1.0
3591,B,1.0
3592,C,1.0
3593,D,1.0
3594,E,1.0
3595,A,1.0
3596,B,1.0
3597,C,1.0
3598,D,1.0
3599,E,1.0
3600,A,1.0
3601,B,1.0
3602,C,1.0
3603,D,1.0
3604,E,1.0
3605,A,1.0
3606,B,1.0
3607,C,1.0
3608,D,1.0
3609,E,1.0
3610,A,1.0
3611,B,1.0
3612,C,1.0
3613,D,1.0
3614,E,1.0
3615,A,1.0
3616,B,1.0
3617,C,1.0
3618,D,1.0
3619,E,1.0
3620,A,1.0
3621,B,1.0
3622,C,1.0
3623,D,1.0
3624,E,1.0
3625,A,1.0
3626,B,1.0
3627,C,1.0
3628,D,1.0
3629,E,1.0
3630,A,1.0
3631,B,1.0
3632,C,1.0
3633,D,1.0
3634,E,1.0
3635,A,1.0
3636,B,1.0
3637,C,1.0
3638,D,1.0
3639,E,1.0
3640,A,1.0
3641,B,1.0
3642,C,1.0
3643,D,1.0
3644,E,1.0
3645,A,1.0
3646,B,1.0
3647,C,1.0
3648,D,1.0
3649,E,1.0
3650,A,1.0
3651,B,1.0
3652,C,1.0
3653,D,1.0
3654,E,1.0
3655,A,1.0
3656,B,1.0
3657,C,1.0
3658,D,1.0
3659,E,1.0
3660,A,1.0
3661,B,1.0
3662,C,1.0
3663,D,1.0
3664,E,1.0
3665,A,1.0
3666,B,1.0
3667,C,1.0
3668,D,1.0
3669,E,1.0
3670,A,1.0
3671,B,1.0
3672,C,1.0
3673,D,1.0
3674,E,1.0
3675,A,1.0
3676,B,1.0
3677,C,1.0
3678,D,1.0
3679,E,1.0
3680,A,1.0
3681,B,1.0
3682,C,1.0
3683,D,1.0
3684,E,1.0
3685,A,1.0
3686,B,1.0
3687,C,1.0
3688,D,1.0
3689,E,1.0
3690,A,1.0
3691,B,1.0
3692,C,1.0
3693,D,1.0
3694,E,1.0
3695,A,1.0
3696,B,1.0
3697,C,1.0
3698,D,1.0
3699,E,1.0
3700,A,1.0
3701,B,1.0
3702,C,1.0
3703,D,1.0
3704,E,1.0
3705,A,1.0
3706,B,1.0
3707,C,1.0
3708,D,1.0
3709,E,1.0
3710,A,1.0
3711,B,1.0
3712,C,1.0
3713,D,1.0
3714,E,1.0
3715,A,1.0
3716,B,1.0
3717,C,1.0
3718,D,1.0
3719,E,1.0
3720,A,1.0
3721,B,1.0
3722,C,1.0
3723,D,1.0
3724,E,1.0
3725,A,1.0
3726,B,1.0
3727,C,1.0
3728,D,1.0
3729,E,1.0
3730,A,1.0
3731,B,1.0
3732,C,1.0
3733,D,1.0
3734,E,1.0
3735,A,1.0
3736,B,1.0
3737,C,1.0
3738,D,1.0
3739,E,1.0
3740,A,1.0
3741,B,1.0
3742,C,1.0
3743,D,1.0
3744,E,1.0
3745,A,1.0
3746,B,1.0
3747,C,1.0
3748,D,1.0
3749,E,1.0
3750,A,1.0
3751,B,1.0
3752,C,1.0
3753,D,1.0
3754,E,1.0
3755,A,1.0
3756,B,1.0
3757,C,1.0
3758,D,1.0
3759,E,1.0
3760,A,1.0
3761,B,1.0
3762,C,1.0
3763,D,1.0
3764,E,1.0
3765,A,1.0
3766,B,1.0
3767,C,1.0
3768,D,1.0
3769,E,1.0
3770,A,1.0
3771,B,1.0
3772,C,1.0
3773,D,1.0
3774,E,1.0
3775,A,1.0
3776,B,1.0
3777,C,1.0
3778,D,1.0
3779,E,1.0
3780,A,1.0
3781,B,1.0
3782,C,1.0
3783,D,1.0
3784,E,1.0
3785,A,1.0
3786,B,1.0
3787,C,1.0
3788,D,1.0
3789,E,1.0
3790,A,1.0
3791,B,1.0
3792,C,1.0
3793,D,1.0
3794,E,1.0
3795,A,1.0
3796,B,1.0
3797,C,1.0
3798,D,1.0
3799,E,1.0
3800,A,1.0
3801,B,1.0
3802,C,1.0
3803,D,1.0
3804,E,1.0
3805,A,1.0
3806,B,1.0
3807,C,1.0
3808,D,1.0
3809,E,1.0
3810,A,1.0
3811,B,1.0
3812,C,1.0
3813,D,1.0
3814,E,1.0
3815,A,1.0
3816,B,1.0
3817,C,1.0
3818,D,1.0
3819,E,1.0
3820,A,1.0
3821,B,1.0
3822,C,1.0
3823,D,1.0
3824,E,1.0
3825,A,1.0
3826,B,1.0
3827,C,1.0
3828,D,1.0
3829,E,1.0
3830,A,1.0
3831,B,1.0
3832,C,1.0
3833,D,1.0
3834,E,1.0
3835,A,1.0
3836,B,1.0
3837,C,1.0
3838,D,1.0
3839,E,1.0
3840,A,1.0
3841,B,1.0
3842,C,1.0
3843,D,1.0
3844,E,1.0
3845,A,1.0
3846,B,1.0
3847,C,1.0
3848,D,1.0
3849,E,1.0
3850,A,1.0
3851,B,1.0
3852,C,1.0
3853,D,1.0
3854,E,1.0
3855,A,1.0
3856,B,1.0
3857,C,1.0
3858,D,1.0
3859,E,1.0
3860,A,1.0
3861,B,1.0
3862,C,1.0
3863,D,1.0
3864,E,1.0
3865,A,1.0
3866,B,1.0
3867,C,1.0
3868,D,1.0
3869,E,1.0
3870,A,1.0
3871,B,1.0
3872,C,1.0
3873,D,1.0
3874,E,1.0
3875,A,1.0
3876,B,1.0
3877,C,1.0
3878,D,1.0
3879,E,1.0
3880,A,1.0
3881,B,1.0
3882,C,1.0
3883,D,1.0
3884,E,1.0
3885,A,1.0
3886,B,1.0
3887,C,1.0
3888,D,1.0
3889,E,1.0
3890,A,1.0
3891,B,1.0
3892,C,1.0
3893,D,1.0
3894,E,1.0
3895,A,1.0
3896,B,1.0
3897,C,1.0
3898,D,1.0
3899,E,1.0
3900,A,1.0
3901,B,1.0
3902,C,1.0
3903,D,1.0
3904,E,1.0
3905,A,1.0
3906,B,1.0
3907,C,1.0
3908,D,1.0
3909,E,1.0
3910,A,1.0
3911,B,1.0
3912,C,1.0
3913,D,1.0
3914,E,1.0
3915,A,1.0
3916,B,1.0
3917,C,1.0
3918,D,1.0
3919,E,1.0
3920,A,1.0
3921,B,1.0
3922,C,1.0
3923,D,1.0
3924,E,1.0
3925,A,1.0
3926,B,1.0
3927,C,1.0
3928,D,1.0
3929,E,1.0
3930,A,1.0
3931,B,1.0
3932,C,1.0
3933,D,1.0
3934,E,1.0
3935,A,1.0
3936,B,1.0
3937,C,1.0
3938,D,1.0
3939,E,1.0
3940,A,1.0
3941,B,1.0
3942,C,1.0
3943,D,1.0
3944,E,1.0
3945,A,1.0
3946,B,1.0
3947,C,1.0
3948,D,1.0
3949,E,1.0
3950,A,1.0
3951,B,1.0
3952,C,1.0
3953,D,1.0
3954,E,1.0
3955,A,1.0
3956,B,1.0
3957,C,1.0
3958,D,1.0
3959,E,1.0
3960,A,1.0
3961,B,1.0
3962,C,1.0
3963,D,1.0
3964,E,1.0
3965,A,1.0
3966,B,1.0
3967,C,1.0
3968,D,1.0
3969,E,1.0
3970,A,1.0
3971,B,1.0
3972,C,1.0
3973,D,1.0
3974,E,1.0
3975,A,1.0
3976,B,1.0
3977,C,1.0
3978,D,1.0
3979,E,1.0
3980,A,1.0
3981,B,1.0
3982,C,1.0
3983,D,1.0
3984,E,1.0
3985,A,1.0
3986,B,1.0
3987,C,1.0
3988,D,1.0
3989,E,1.0
3990,A,1.0
3991,B,1.0
3992,C,1.0
3993,D,1.0
3994,E,1.0
3995,A,1.0
3996,B,1.0
3997,C,1.0
3998,D,1.0
3999,E,1.0
4000,A,1.0
4001,B,1.0
4002,C,1.0
4003,D,1.0
4004,E,1.0
4005,A,1.0
4006,B,1.0
4007,C,1.0
4008,D,1.0
4009,E,1.0
4010,A,1.0
4011,B,1.0
4012,C,1.0
4013,D,1.0
4014,E,1.0
4015,A,1.0
4016,B,1.0
4017,C,1.0
4018,D,1.0
4019,E,1.0
4020,A,1.0
4021,B,1.0
4022,C,1.0
4023,D,1.0
4024,E,1.0
4025,A,1.0
4026,B,1.0
4027,C,1.0
4028,D,1.0
4029,E,1.0
4030,A,1.0
4031,B,1.0
4032,C,1.0
4033,D,1.0
4034,E,1.0
4035,A,1.0
4036,B,1.0
4037,C,1.0
4038,D,1.0
4039,E,1.0
4040,A,1.0
4041,B,1.0
4042,C,1.0
4043,D,1.0
4044,E,1.0
4045,A,1.0
4046,B,1.0
4047,C,1.0
4048,D,1.0
4049,E,1.0
4050,A,1.0
4051,B,1.0
4052,C,1.0
4053,D,1.0
4054,E,1.0
4055,A,1.0
4056,B,1.0
4057,C,1.0
4058,D,1.0
4059,E,1.0
4060,A,1.0
4061,B,1.0
4062,C,1.0
4063,D,1.0
4064,E,1.0
4065,A,1.0
4066,B,1.0
4067,C,1.0
4068,D,1.0
4069,E,1.0
4070,A,1.0
4071,B,1.0
4072,C,1.0
4073,D,1.0
4074,E,1.0
4075,A,1.0
4076,B,1.0
4077,C,1.0
4078,D,1.0
4079,E,1.0
4080,A,1.0
4081,B,1.0
4082,C,1.0
4083,D,1.0
4084,E,1.0
4085,A,1.0
4086,B,1.0
4087,C,1.0
4088,D,1.0
4089,E,1.0
4090,A,1.0
4091,B,1.0
4092,C,1.0
4093,D,1.0
4094,E,1.0
4095,A,1.0
4096,B,1.0
4097,C,1.0
4098,D,1.0
4099,E,1.0
4100,A,1.0
4101,B,1.0
4102,C,1.0
4103,D,1.0
4104,E,1.0
4105,A,1.0
4106,B,1.0
4107,C,1.0
4108,D,1.0
4109,E,1.0
4110,A,1.0
4111,B,1.0
4112,C,1.0
4113,D,1.0
4114,E,1.0
4115,A,1.0
4116,B,1.0
4117,C,1.0
4118,D,1.0
4119,E,1.0
4120,A,1.0
4121,B,1.0
4122,C,1.0
4123,D,1.0
4124,E,1.0
4125,A,1.0
4126,B,1.0
4127,C,1.0
4128,D,1.0
4129,E,1.0
4130,A,1.0
4131,B,1.0
4132,C,1.0
4133,D,1.0
4134,E,1.0
4135,A,1.0
4136,B,1.0
4137,C,1.0
4138,D,1.0
4139,E,1.0
4140,A,1.0
4141,B,1.0
4142,C,1.0
4143,D,1.0
4144,E,1.0
4145,A,1.0
4146,B,1.0
4147,C,1.0
4148,D,1.0
4149,E,1.0
4150,A,1.0
4151,B,1.0
4152,C,1.0
4153,D,1.0
4154,E,1.0
4155,A,1.0
4156,B,1.0
4157,C,1.0
4158,D,1.0
4159,E,1.0
4160,A,1.0
4161,B,1.0
4162,C,1.0
4163,D,1.0
4164,E,1.0
4165,A,1.0
4166,B,1.0
4167,C,1.0
4168,D,1.0
4169,E,1.0
4170,A,1.0
4171,B,1.0
4172,C,1.0
4173,D,1.0
4174,E,1.0
4175,A,1.0
4176,B,1.0
4177,C,1.0
4178,D,1.0
4179,E,1.0
4180,A,1.0
4181,B,1.0
4182,C,1.0
4183,D,1.0
4184,E,1.0
4185,A,1.0
4186,B,1.0
4187,C,1.0
4188,D,1.0
4189,E,1.0
4190,A,1.0
4191,B,1.0
4192,C,1.0
4193,D,1.0
4194,E,1.0
4195,A,1.0
4196,B,1.0
4197,C,1.0
4198,D,1.0
4199,E,1.0
4200,A,1.0
4201,B,1.0
4202,C,1.0
4203,D,1.0
4204,E,1.0
4205,A,1.0
4206,B,1.0
4207,C,1.0
4208,D,1.0
4209,E,1.0
4210,A,1.0
4211,B,1.0
4212,C,1.0
4213,D,1.0
4214,E,1.0
4215,A,1.0
4216,B,1.0
4217,C,1.0
4218,D,1.0
4219,E,1.0
4220,A,1.0
4221,B,1.0
4222,C,1.0
4223,D,1.0
4224,E,1.0
4225,A,1.0
4226,B,1.0
4227,C,1.0
4228,D,1.0
4229,E,1.0
4230,A,1.0
4231,B,1.0
4232,C,1.0
4233,D,1.0
4234,E,1.0
4235,A,1.0
4236,B,1.0
4237,C,1.0
4238,D,1.0
4239,E,1.0
4240,A,1.0
4241,B,1.0
4242,C,1.0
4243,D,1.0
4244,E,1.0
4245,A,1.0
4246,B,1.0
4247,C,1.0
4248,D,1.0
4249,E,1.0
4250,A,1.0
4251,B,1.0
4252,C,1.0
4253,D,1.0
4254,E,1.0
4255,A,1.0
4256,B,1.0
4257,C,1.0
4258,D,1.0
4259,E,1.0
4260,A,1.0
4261,B,1.0
4262,C,1.0
4263,D,1.0
4264,E,1.0
4265,A,1.0
4266,B,1.0
4267,C,1.0
4268,D,1.0
4269,E,1.0
4270,A,1.0
4271,B,1.0
4272,C,1.0
4273,D,1.0
4274,E,1.0
4275,A,1.0
4276,B,1.0
4277,C,1.0
4278,D,1.0
4279,E,1.0
4280,A,1.0
4281,B,1.0
4282,C,1.0
4283,D,1.0
4284,E,1.0
4285,A,1.0
4286,B,1.0
4287,C,1.0
4288,D,1.0
4289,E,1.0
4290,A,1.0
4291,B,1.0
4292,C,1.0
4293,D,1.0
4294,E,1.0
4295,A,1.0
4296,B,1.0
4297,C,1.0
4298,D,1.0
4299,E,1.0
4300,A,1.0
4301,B,1.0
4302,C,1.0
4303,D,1.0
4304,E,1.0
4305,A,1.0
4306,B,1.0
4307,C,1.0
4308,D,1.0
4309,E,1.0
4310,A,1.0
4311,B,1.0
4312,C,1.0
4313,D,1.0
4314,E,1.0
4315,A,1.0
4316,B,1.0
4317,C,1.0
4318,D,1.0
4319,E,1.0
4320,A,1.0
4321,B,1.0
4322,C,1.0
4323,D,1.0
4324,E,1.0
4325,A,1.0
4326,B,1.0
4327,C,1.0
4328,D,1.0
4329,E,1.0
4330,A,1.0
4331,B,1.0
4332,C,1.0
4333,D,1.0
4334,E,1.0
4335,A,1.0
4336,B,1.0
4337,C,1.0
4338,D,1.0
4339,E,1.0
4340,A,1.0
4341,B,1.0
4342,C,1.0
4343,D,1.0
4344,E,1.0
4345,A,1.0
4346,B,1.0
4347,C,1.0
4348,D,1.0
4349,E,1.0
4350,A,1.0
4351,B,1.0
4352,C,1.0
4353,D,1.0
4354,E,1.0
4355,A,1.0
4356,B,1.0
4357,C,1.0
4358,D,1.0
4359,E,1.0
4360,A,1.0
4361,B,1.0
4362,C,1.0
4363,D,1.0
4364,E,1.0
4365,A,1.0
4366,B,1.0
4367,C,1.0
4368,D,1.0
4369,E,1.0
4370,A,1.0
4371,B,1.0
4372,C,1.0
4373,D,1.0
4374,E,1.0
4375,A,1.0
4376,B,1.0
4377,C,1.0
4378,D,1.0
4379,E,1.0
4380,A,1.0
4381,B,1.0
4382,C,1.0
4383,D,1.0
4384,E,1.0
4385,A,1.0
4386,B,1.0
4387,C,1.0
4388,D,1.0
4389,E,1.0
4390,A,1.0
4391,B,1.0
4392,C,1.0
4393,D,1.0
4394,E,1.0
4395,A,1.0
4396,B,1.0
4397,C,1.0
4398,D,1.0
4399,E,1.0
4400,A,1.0
4401,B,1.0
4402,C,1.0
4403,D,1.0
4404,E,1.0
4405,A,1.0
4406,B,1.0
4407,C,1.0
4408,D,1.0
4409,E,1.0
4410,A,1.0
4411,B,1.0
4412,C,1.0
4413,D,1.0
4414,E,1.0
4415,A,1.0
4416,B,1.0
4417,C,1.0
4418,D,1.0
4419,E,1.0
4420,A,1.0
4421,B,1.0
4422,C,1.0
4423,D,1.0
4424,E,1.0
4425,A,1.0
4426,B,1.0
4427,C,1.0
4428,D,1.0
4429,E,1.0
4430,A,1.0
4431,B,1.0
4432,C,1.0
4433,D,1.0
4434,E,1.0
4435,A,1.0
4436,B,1.0
4437,C,1.0
4438,D,1.0
4439,E,1.0
4440,A,1.0
4441,B,1.0
4442,C,1.0
4443,D,1.0
4444,E,1.0
4445,A,1.0
4446,B,1.0
4447,C,1.0
4448,D,1.0
4449,E,1.0
4450,A,1.0
4451,B,1.0
4452,C,1.0
4453,D,1.0
4454,E,1.0
4455,A,1.0
4456,B,1.0
4457,C,1.0
4458,D,1.0
4459,E,1.0
4460,A,1.0
4461,B,1.0
4462,C,1.0
4463,D,1.0
4464,E,1.0
4465,A,1.0
4466,B,1.0
4467,C,1.0
4468,D,1.0
4469,E,1.0
4470,A,1.0
4471,B,1.0
4472,C,1.0
4473,D,1.0
4474,E,1.0
4475,A,1.0
4476,B,1.0
4477,C,1.0
4478,D,1.0
4479,E,1.0
4480,A,1.0
4481,B,1.0
4482,C,1.0
4483,D,1.0
4484,E,1.0
4485,A,1.0
4486,B,1.0
4487,C,1.0
4488,D,1.0
4489,E,1.0
4490,A,1.0
4491,B,1.0
4492,C,1.0
4493,D,1.0
4494,E,1.0
4495,A,1.0
4496,B,1.0
4497,C,1.0
4498,D,1.0
4499,E,1.0
4500,A,1.0
4501,B,1.0
4502,C,1.0
4503,D,1.0
4504,E,1.0
4505,A,1.0
4506,B,1.0
4507,C,1.0
4508,D,1.0
4509,E,1.0
4510,A,1.0
4511,B,1.0
4512,C,1.0
4513,D,1.0
4514,E,1.0
4515,A,1.0
4516,B,1.0
4517,C,1.0
4518,D,1.0
4519,E,1.0
4520,A,1.0
4521,B,1.0
4522,C,1.0
4523,D,1.0
4524,E,1.0
4525,A,1.0
4526,B,1.0
4527,C,1.0
4528,D,1.0
4529,E,1.0
4530,A,1.0
4531,B,1.0
4532,C,1.0
4533,D,1.0
4534,E,1.0
4535,A,1.0
4536,B,1.0
4537,C,1.0
4538,D,1.0
4539,E,1.0
4540,A,1.0
4541,B,1.0
4542,C,1.0
4543,D,1.0
4544,E,1.0
4545,A,1.0
4546,B,1.0
4547,C,1.0
4548,D,1.0
4549,E,1.0
4550,A,1.0
4551,B,1.0
4552,C,1.0
4553,D,1.0
4554,E,1.0
4555,A,1.0
4556,B,1.0
4557,C,1.0
4558,D,1.0
4559,E,1.0
4560,A,1.0
4561,B,1.0
4562,C,1.0
4563,D,1.0
4564,E,1.0
4565,A,1.0
4566,B,1.0
4567,C,1.0
4568,D,1.0
4569,E,1.0
4570,A,1.0
4571,B,1.0
4572,C,1.0
4573,D,1.0
4574,E,1.0
4575,A,1.0
4576,B,1.0
4577,C,1.0
4578,D,1.0
4579,E,1.0
4580,A,1.0
4581,B,1.0
4582,C,1.0
4583,D,1.0
4584,E,1.0
4585,A,1.0
4586,B,1.0
4587,C,1.0
4588,D,1.0
4589,E,1.0
4590,A,1.0
4591,B,1.0
4592,C,1.0
4593,D,1.0
4594,E,1.0
4595,A,1.0
4596,B,1.0
4597,C,1.0
4598,D,1.0
4599,E,1.0
4600,A,1.0
4601,B,1.0
4602,C,1.0
4603,D,1.0
4604,E,1.0
4605,A,1.0
4606,B,1.0
4607,C,1.0
4608,D,1.0
4609,E,1.0
4610,A,1.0
4611,B,1.0
4612,C,1.0
4613,D,1.0
4614,E,1.0
4615,A,1.0
4616,B,1.0
4617,C,1.0
4618,D,1.0
4619,E,1.0
4620,A,1.0
4621,B,1.0
4622,C,1.0
4623,D,1.0
4624,E,1.0
4625,A,1.0
4626,B,1.0
4627,C,1.0
4628,D,1.0
4629,E,1.0
4630,A,1.0
4631,B,1.0
4632,C,1.0
4633,D,1.0
4634,E,1.0
4635,A,1.0
4636,B,1.0
4637,C,1.0
4638,D,1.0
4639,E,1.0
4640,A,1.0
4641,B,1.0
4642,C,1.0
4643,D,1.0
4644,E,1.0
4645,A,1.0
4646,B,1.0
4647,C,1.0
4648,D,1.0
4649,E,1.0
4650,A,1.0
4651,B,1.0
4652,C,1.0
4653,D,1.0
4654,E,1.0
4655,A,1.0
4656,B,1.0
4657,C,1.0
4658,D,1.0
4659,E,1.0
4660,A,1.0
4661,B,1.0
4662,C,1.0
4663,D,1.0
4664,E,1.0
4665,A,1.0
4666,B,1.0
4667,C,1.0
4668,D,1.0
4669,E,1.0
4670,A,1.0
4671,B,1.0
4672,C,1.0
4673,D,1.0
4674,E,1.0
4675,A,1.0
4676,B,1.0
4677,C,1.0
4678,D,1.0
4679,E,1.0
4680,A,1.0
4681,B,1.0
4682,C,1.0
4683,D,1.0
4684,E,1.0
4685,A,1.0
4686,B,1.0
4687,C,1.0
4688,D,1.0
4689,E,1.0
4690,A,1.0
4691,B,1.0
4692,C,1.0
4693,D,1.0
4694,E,1.0
4695,A,1.0
4696,B,1.0
4697,C,1.0
4698,D,1.0
4699,E,1.0
4700,A,1.0
4701,B,1.0
4702,C,1.0
4703,D,1.0
4704,E,1.0
4705,A,1.0
4706,B,1.0
4707,C,1.0
4708,D,1.0
4709,E,1.0
4710,A,1.0
4711,B,1.0
4712,C,1.0
4713,D,1.0
4714,E,1.0
4715,A,1.0
4716,B,1.0
4717,C,1.0
4718,D,1.0
4719,E,1.0
4720,A,1.0
4721,B,1.0
4722,C,1.0
4723,D,1.0
4724,E,1.0
4725,A,1.0
4726,B,1.0
4727,C,1.0
4728,D,1.0
4729,E,1.0
4730,A,1.0
4731,B,1.0
4732,C,1.0
4733,D,1.0
4734,E,1.0
4735,A,1.0
4736,B,1.0
4737,C,1.0
4738,D,1.0
4739,E,1.0
4740,A,1.0
4741,B,1.0
4742,C,1.0
4743,D,1.0
4744,E,1.0
4745,A,1.0
4746,B,1.0
4747,C,1.0
4748,D,1.0
4749,E,1.0
4750,A,1.0
4751,B,1.0
4752,C,1.0
4753,D,1.0
4754,E,1.0
4755,A,1.0
4756,B,1.0
4757,C,1.0
4758,D,1.0
4759,E,1.0
4760,A,1.0
4761,B,1.0
4762,C,1.0
4763,D,1.0
4764,E,1.0
4765,A,1.0
4766,B,1.0
4767,C,1.0
4768,D,1.0
4769,E,1.0
4770,A,1.0
4771,B,1.0
4772,C,1.0
4773,D,1.0
4774,E,1.0
4775,A,1.0
4776,B,1.0
4777,C,1.0
4778,D,1.0
4779,E,1.0
4780,A,1.0
4781,B,1.0
4782,C,1.0
4783,D,1.0
4784,E,1.0
4785,A,1.0
4786,B,1.0
4787,C,1.0
4788,D,1.0
4789,E,1.0
4790,A,1.0
4791,B,1.0
4792,C,1.0
4793,D,1.0
4794,E,1.0
4795,A,1.0
4796,B,1.0
4797,C,1.0
4798,D,1.0
4799,E,1.0
4800,A,1.0
4801,B,1.0
4802,C,1.0
4803,D,1.0
4804,E,1.0
4805,A,1.0
4806,B,1.0
4807,C,1.0
4808,D,1.0
4809,E,1.0
4810,A,1.0
4811,B,1.0
4812,C,1.0
4813,D,1.0
4814,E,1.0
4815,A,1.0
4816,B,1.0
4817,C,1.0
4818,D,1.0
4819,E,1.0
4820,A,1.0
4821,B,1.0
4822,C,1.0
4823,D,1.0
4824,E,1.0
4825,A,1.0
4826,B,1.0
4827,C,1.0
4828,D,1.0
4829,E,1.0
4830,A,1.0
4831,B,1.0
4832,C,1.0
4833,D,1.0
4834,E,1.0
4835,A,1.0
4836,B,1.0
4837,C,1.0
4838,D,1.0
4839,E,1.0
4840,A,1.0
4841,B,1.0
4842,C,1.0
4843,D,1.0
4844,E,1.0
4845,A,1.0
4846,B,1.0
4847,C,1.0
4848,D,1.0
4849,E,1.0
4850,A,1.0
4851,B,1.0
4852,C,1.0
4853,D,1.0
4854,E,1.0
4855,A,1.0
4856,B,1.0
4857,C,1.0
4858,D,1.0
4859,E,1.0
4860,A,1.0
4861,B,1.0
4862,C,1.0
4863,D,1.0
4864,E,1.0
4865,A,1.0
4866,B,1.0
4867,C,1.0
4868,D,1.0
4869,E,1.0
4870,A,1.0
4871,B,1.0
4872,C,1.0
4873,D,1.0
4874,E,1.0
4875,A,1.0
4876,B,1.0
4877,C,1.0
4878,D,1.0
4879,E,1.0
4880,A,1.0
4881,B,1.0
4882,C,1.0
4883,D,1.0
4884,E,1.0
4885,A,1.0
4886,B,1.0
4887,C,1.0
4888,D,1.0
4889,E,1.0
4890,A,1.0
4891,B,1.0
4892,C,1.0
4893,D,1.0
4894,E,1.0
4895,A,1.0
4896,B,1.0
4897,C,1.0
4898,D,1.0
4899,E,1.0
4900,A,1.0
4901,B,1.0
4902,C,1.0
4903,D,1.0
4904,E,1.0
4905,A,1.0
4906,B,1.0
4907,C,1.0
4908,D,1.0
4909,E,1.0
4910,A,1.0
4911,B,1.0
4912,C,1.0
4913,D,1.0
4914,E,1.0
4915,A,1.0
4916,B,1.0
4917,C,1.0
4918,D,1.0
4919,E,1.0
4920,A,1.0
4921,B,1.0
4922,C,1.0
4923,D,1.0
4924,E,1.0
4925,A,1.0
4926,B,1.0
4927,C,1.0
4928,D,1.0
4929,E,1.0
4930,A,1.0
4931,B,1.0
4932,C,1.0
4933,D,1.0
4934,E,1.0
4935,A,1.0
4936,B,1.0
4937,C,1.0
4938,D,1.0
4939,E,1.0
4940,A,1.0
4941,B,1.0
4942,C,1.0
4943,D,1.0
4944,E,1.0
4945,A,1.0
4946,B,1.0
4947,C,1.0
4948,D,1.0
4949,E,1.0
4950,A,1.0
4951,B,1.0
4952,C,1.0
4953,D,1.0
4954,E,1.0
4955,A,1.0
4956,B,1.0
4957,C,1.0
4958,D,1.0
4959,E,1.0
4960,A,1.0
4961,B,1.0
4962,C,1.0
4963,D,1.0
4964,E,1.0
4965,A,1.0
4966,B,1.0
4967,C,1.0
4968,D,1.0
4969,E,1.0
4970,A,1.0
4971,B,1.0
4972,C,1.0
4973,D,1.0
4974,E,1.0
4975,A,1.0
4976,B,1.0
4977,C,1.0
4978,D,1.0
4979,E,1.0
4980,A,1.0
4981,B,1.0
4982,C,1.0
4983,D,1.0
4984,E,1.0
4985,A,1.0
4986,B,1.0
4987,C,1.0
4988,D,1.0
4989,E,1.0
4990,A,1.0
4991,B,1.0
4992,C,1.0
4993,D,1.0
4994,E,1.0
4995,A,1.0
4996,B,1.0
4997,C,1.0
4998,D,1.0
4999,E,1.0
5000,A,1.0
5001,B,1.0
5002,C,1.0
5003,D,1.0
5004,E,1.0
5005,A,1.0
5006,B,1.0
5007,C,1.0
5008,D,1.0
5009,E,1.0
5010,A,1.0
5011,B,1.0
5012,C,1.0
5013,D,1.0
5014,E,1.0
5015,A,1.0
5016,B,1.0
5017,C,1.0
5018,D,1.0
5019,E,1.0
5020,A,1.0
5021,B,1.0
5022,C,1.0
5023,D,1.0
5024,E,1.0
5025,A,1.0
5026,B,1.0
5027,C,1.0
5028,D,1.0
5029,E,1.0
5030,A,1.0
5031,B,1.0
5032,C,1.0
5033,D,1.0
5034,E,1.0
5035,A,1.0
5036,B,1.0
5037,C,1.0
5038,D,1.0
5039,E,1.0
5040,A,1.0
5041,B,1.0
5042,C,1.0
5043,D,1.0
5044,E,1.0
5045,A,1.0
5046,B,1.0
5047,C,1.0
5048,D,1.0
5049,E,1.0
5050,A,1.0
5051,B,1.0
5052,C,1.0
5053,D,1.0
5054,E,1.0
5055,A,1.0
5056,B,1.0
5057,C,1.0
5058,D,1.0
5059,E,1.0
5060,A,1.0
5061,B,1.0
5062,C,1.0
5063,D,1.0
5064,E,1.0
5065,A,1.0
5066,B,1.0
5067,C,1.0
5068,D,1.0
5069,E,1.0
5070,A,1.0
5071,B,1.0
5072,C,1.0
5073,D,1.0
5074,E,1.0
5075,A,1.0
5076,B,1.0
5077,C,1.0
5078,D,1.0
5079,E,1.0
5080,A,1.0
5081,B,1.0
5082,C,1.0
5083,D,1.0
5084,E,1.0
5085,A,1.0
5086,B,1.0
5087,C,1.0
5088,D,1.0
5089,E,1.0
5090,A,1.0
5091,B,1.0
5092,C,1.0
5093,D,1.0
5094,E,1.0
5095,A,1.0
5096,B,1.0
5097,C,1.0
5098,D,1.0
5099,E,1.0
5100,A,1.0
5101,B,1.0
5102,C,1.0
5103,D,1.0
5104,E,1.0
5105,A,1.0
5106,B,1.0
5107,C,1.0
5108,D,1.0
5109,E,1.0
5110,A,1.0
5111,B,1.0
5112,C,1.0
5113,D,1.0
5114,E,1.0
5115,A,1.0
5116,B,1.0
5117,C,1.0
5118,D,1.0
5119,E,1.0
5120,A,1.0
5121,B,1.0
5122,C,1.0
5123,D,1.0
5124,E,1.0
5125,A,1.0
5126,B,1.0
5127,C,1.0
5128,D,1.0
5129,E,1.0
5130,A,1.0
5131,B,1.0
5132,C,1.0
5133,D,1.0
5134,E,1.0
5135,A,1.0
5136,B,1.0
5137,C,1.0
5138,D,1.0
5139,E,1.0
5140,A,1.0
5141,B,1.0
5142,C,1.0
5143,D,1.0
5144,E,1.0
5145,A,1.0
5146,B,1.0
5147,C,1.0
5148,D,1.0
5149,E,1.0
5150,A,1.0
5151,B,1.0
5152,C,1.0
5153,D,1.0
5154,E,1.0
5155,A,1.0
5156,B,1.0
5157,C,1.0
5158,D,1.0
5159,E,1.0
5160,A,1.0
5161,B,1.0
5162,C,1.0
5163,D,1.0
5164,E,1.0
5165,A,1.0
5166,B,1.0
5167,C,1.0
5168,D,1.0
5169,E,1.0
5170,A,1.0
5171,B,1.0
5172,C,1.0
5173,D,1.0
5174,E,1.0
5175,A,1.0
5176,B,1.0
5177,C,1.0
5178,D,1.0
5179,E,1.0
5180,A,1.0
5181,B,1.0
5182,C,1.0
5183,D,1.0
5184,E,1.0
5185,A,1.0
5186,B,1.0
5187,C,1.0
5188,D,1.0
5189,E,1.0
5190,A,1.0
5191,B,1.0
5192,C,1.0
5193,D,1.0
5194,E,1.0
5195,A,1.0
5196,B,1.0
5197,C,1.0
5198,D,1.0
5199,E,1.0
5200,A,1.0
5201,B,1.0
5202,C,1.0
5203,D,1.0
5204,E,1.0
5205,A,1.0
5206,B,1.0
5207,C,1.0
5208,D,1.0
5209,E,1.0
5210,A,1.0
5211,B,1.0
5212,C,1.0
5213,D,1.0
5214,E,1.0
5215,A,1.0
5216,B,1.0
5217,C,1.0
5218,D,1.0
5219,E,1.0
5220,A,1.0
5221,B,1.0
5222,C,1.0
5223,D,1.0
5224,E,1.0
5225,A,1.0
5226,B,1.0
5227,C,1.0
5228,D,1.0
5229,E,1.0
5230,A,1.0
5231,B,1.0
5232,C,1.0
5233,D,1.0
5234,E,1.0
5235,A,1.0
5236,B,1.0
5237,C,1.0
5238,D,1.0
5239,E,1.0
5240,A,1.0
5241,B,1.0
5242,C,1.0
5243,D,1.0
5244,E,1.0
5245,A,1.0
5246,B,1.0
5247,C,1.0
5248,D,1.0
5249,E,1.0
5250,A,1.0
5251,B,1.0
5252,C,1.0
5253,D,1.0
5254,E,1.0
5255,A,1.0
5256,B,1.0
5257,C,1.0
5258,D,1.0
5259,E,1.0
5260,A,1.0
5261,B,1.0
5262,C,1.0
5263,D,1.0
5264,E,1.0
5265,A,1.0
5266,B,1.0
5267,C,1.0
5268,D,1.0
5269,E,1.0
5270,A,1.0
5271,B,1.0
5272,C,1.0
5273,D,1.0
5274,E,1.0
5275,A,1.0
5276,B,1.0
5277,C,1.0
5278,D,1.0
5279,E,1.0
5280,A,1.0
5281,B,1.0
5282,C,1.0
5283,D,1.0
5284,E,1.0
5285,A,1.0
5286,B,1.0
5287,C,1.0
5288,D,1.0
5289,E,1.0
5290,A,1.0
5291,B,1.0
5292,C,1.0
5293,D,1.0
5294,E,1.0
5295,A,1.0
5296,B,1.0
5297,C,1.0
5298,D,1.0
5299,E,1.0
5300,A,1.0
5301,B,1.0
5302,C,1.0
5303,D,1.0
5304,E,1.0
5305,A,1.0
5306,B,1.0
5307,C,1.0
5308,D,1.0
5309,E,1.0
5310,A,1.0
5311,B,1.0
5312,C,1.0
5313,D,1.0
5314,E,1.0
5315,A,1.0
5316,B,1.0
5317,C,1.0
5318,D,1.0
5319,E,1.0
5320,A,1.0
5321,B,1.0
5322,C,1.0
5323,D,1.0
5324,E,1.0
5325,A,1.0
5326,B,1.0
5327,C,1.0
5328,D,1.0
5329,E,1.0
5330,A,1.0
5331,B,1.0
5332,C,1.0
5333,D,1.0
5334,E,1.0
5335,A,1.0
5336,B,1.0
5337,C,1.0
5338,D,1.0
5339,E,1.0
5340,A,1.0
5341,B,1.0
5342,C,1.0
5343,D,1.0
5344,E,1.0
5345,A,1.0
5346,B,1.0
5347,C,1.0
5348,D,1.0
5349,E,1.0
5350,A,1.0
5351,B,1.0
5352,C,1.0
5353,D,1.0
5354,E,1.0
5355,A,1.0
5356,B,1.0
5357,C,1.0
5358,D,1.0
5359,E,1.0
5360,A,1.0
5361,B,1.0
5362,C,1.0
5363,D,1.0
5364,E,1.0
5365,A,1.0
5366,B,1.0
5367,C,1.0
5368,D,1.0
5369,E,1.0
5370,A,1.0
5371,B,1.0
5372,C,1.0
5373,D,1.0
5374,E,1.0
5375,A,1.0
5376,B,1.0
5377,C,1.0
5378,D,1.0
5379,E,1.0
5380,A,1.0
5381,B,1.0
5382,C,1.0
5383,D,1.0
5384,E,1.0
5385,A,1.0
5386,B,1.0
5387,C,1.0
5388,D,1.0
5389,E,1.0
5390,A,1.0
5391,B,1.0
5392,C,1.0
5393,D,1.0
5394,E,1.0
5395,A,1.0
5396,B,1.0
5397,C,1.0
5398,D,1.0
5399,E,1.0
5400,A,1.0
5401,B,1.0
5402,C,1.0
5403,D,1.0
5404,E,1.0
5405,A,1.0
5406,B,1.0
5407,C,1.0
5408,D,1.0
5409,E,1.0
5410,A,1.0
5411,B,1.0
5412,C,1.0
5413,D,1.0
5414,E,1.0
5415,A,1.0
5416,B,1.0
5417,C,1.0
5418,D,1.0
5419,E,1.0
5420,A,1.0
5421,B,1.0
5422,C,1.0
5423,D,1.0
5424,E,1.0
5425,A,1.0
5426,B,1.0
5427,C,1.0
5428,D,1.0
5429,E,1.0
5430,A,1.0
5431,B,1.0
5432,C,1.0
5433,D,1.0
5434,E,1.0
5435,A,1.0
5436,B,1.0
5437,C,1.0
5438,D,1.0
5439,E,1.0
5440,A,1.0
5441,B,1.0
5442,C,1.0
5443,D,1.0
5444,E,1.0
5445,A,1.0
5446,B,1.0
5447,C,1.0
5448,D,1.0
5449,E,1.0
5450,A,1.0
5451,B,1.0
5452,C,1.0
5453,D,1.0
5454,E,1.0
5455,A,1.0
5456,B,1.0
5457,C,1.0
5458,D,1.0
5459,E,1.0
5460,A,1.0
5461,B,1.0
5462,C,1.0
5463,D,1.0
5464,E,1.0
5465,A,1.0
5466,B,1.0
5467,C,1.0
5468,D,1.0
5469,E,1.0
5470,A,1.0
5471,B,1.0
5472,C,1.0
5473,D,1.0
5474,E,1.0
5475,A,1.0
5476,B,1.0
5477,C,1.0
5478,D,1.0
5479,E,1.0
5480,A,1.0
5481,B,1.0
5482,C,1.0
5483,D,1.0
5484,E,1.0
5485,A,1.0
5486,B,1.0
5487,C,1.0
5488,D,1.0
5489,E,1.0
5490,A,1.0
5491,B,1.0
5492,C,1.0
5493,D,1.0
5494,E,1.0
5495,A,1.0
5496,B,1.0
5497,C,1.0
5498,D,1.0
5499,E,1.0
5500,A,1.0
5501,B,1.0
5502,C,1.0
5503,D,1.0
5504,E,1.0
5505,A,1.0
5506,B,1.0
5507,C,1.0
5508,D,1.0
5509,E,1.0
5510,A,1.0
5511,B,1.0
5512,C,1.0
5513,D,1.0
5514,E,1.0
5515,A,1.0
5516,B,1.0
5517,C,1.0
5518,D,1.0
5519,E,1.0
5520,A,1.0
5521,B,1.0
5522,C,1.0
5523,D,1.0
5524,E,1.0
5525,A,1.0
5526,B,1.0
5527,C,1.0
5528,D,1.0
5529,E,1.0
5530,A,1.0
5531,B,1.0
5532,C,1.0
5533,D,1.0
5534,E,1.0
5535,A,1.0
5536,B,1.0
5537,C,1.0
5538,D,1.0
5539,E,1.0
5540,A,1.0
5541,B,1.0
5542,C,1.0
5543,D,1.0
5544,E,1.0
5545,A,1.0
5546,B,1.0
5547,C,1.0
5548,D,1.0
5549,E,1.0
5550,A,1.0
5551,B,1.0
5552,C,1.0
5553,D,1.0
5554,E,1.0
5555,A,1.0
5556,B,1.0
5557,C,1.0
5558,D,1.0
5559,E,1.0
5560,A,1.0
5561,B,1.0
5562,C,1.0
5563,D,1.0
5564,E,1.0
5565,A,1.0
5566,B,1.0
5567,C,1.0
5568,D,1.0
5569,E,1.0
5570,A,1.0
5571,B,1.0
5572,C,1.0
5573,D,1.0
5574,E,1.0
5575,A,1.0
5576,B,1.0
5577,C,1.0
5578,D,1.0
5579,E,1.0
5580,A,1.0
5581,B,1.0
5582,C,1.0
5583,D,1.0
5584,E,1.0
5585,A,1.0
5586,B,1.0
5587,C,1.0
5588,D,1.0
5589,E,1.0
5590,A,1.0
5591,B,1.0
5592,C,1.0
5593,D,1.0
5594,E,1.0
5595,A,1.0
5596,B,1.0
5597,C,1.0
5598,D,1.0
5599,E,1.0
5600,A,1.0
5601,B,1.0
5602,C,1.0
5603,D,1.0
5604,E,1.0
5605,A,1.0
5606,B,1.0
5607,C,1.0
5608,D,1.0
5609,E,1.0
5610,A,1.0
5611,B,1.0
5612,C,1.0
5613,D,1.0
5614,E,1.0
5615,A,1.0
5616,B,1.0
5617,C,1.0
5618,D,1.0
5619,E,1.0
5620,A,1.0
5621,B,1.0
5622,C,1.0
5623,D,1.0
5624,E,1.0
5625,A,1.0
5626,B,1.0
5627,C,1.0
5628,D,1.0
5629,E,1.0
5630,A,1.0
5631,B,1.0
5632,C,1.0
5633,D,1.0
5634,E,1.0
5635,A,1.0
5636,B,1.0
5637,C,1.0
5638,D,1.0
5639,E,1.0
5640,A,1.0
5641,B,1.0
5642,C,1.0
5643,D,1.0
5644,E,1.0
5645,A,1.0
5646,B,1.0
5647,C,1.0
5648,D,1.0
5649,E,1.0
5650,A,1.0
5651,B,1.0
5652,C,1.0
5653,D,1.0
5654,E,1.0
5655,A,1.0
5656,B,1.0
5657,C,1.0
5658,D,1.0
5659,E,1.0
5660,A,1.0
5661,B,1.0
5662,C,1.0
5663,D,1.0
5664,E,1.0
5665,A,1.0
5666,B,1.0
5667,C,1.0
5668,D,1.0
5669,E,1.0
5670,A,1.0
5671,B,1.0
5672,C,1.0
5673,D,1.0
5674,E,1.0
5675,A,1.0
5676,B,1.0
5677,C,1.0
5678,D,1.0
5679,E,1.0
5680,A,1.0
5681,B,1.0
5682,C,1.0
5683,D,1.0
5684,E,1.0
5685,A,1.0
5686,B,1.0
5687,C,1.0
5688,D,1.0
5689,E,1.0
5690,A,1.0
5691,B,1.0
5692,C,1.0
5693,D,1.0
5694,E,1.0
5695,A,1.0
5696,B,1.0
5697,C,1.0
5698,D,1.0
5699,E,1.0
5700,A,1.0
5701,B,1.0
5702,C,1.0
5703,D,1.0
5704,E,1.0
5705,A,1.0
5706,B,1.0
5707,C,1.0
5708,D,1.0
5709,E,1.0
5710,A,1.0
5711,B,1.0
5712,C,1.0
5713,D,1.0
5714,E,1.0
5715,A,1.0
5716,B,1.0
5717,C,1.0
5718,D,1.0
5719,E,1.0
5720,A,1.0
5721,B,1.0
5722,C,1.0
5723,D,1.0
5724,E,1.0
5725,A,1.0
5726,B,1.0
5727,C,1.0
5728,D,1.0
5729,E,1.0
5730,A,1.0
5731,B,1.0
5732,C,1.0
5733,D,1.0
5734,E,1.0
5735,A,1.0
5736,B,1.0
5737,C,1.0
5738,D,1.0
5739,E,1.0
5740,A,1.0
5741,B,1.0
5742,C,1.0
5743,D,1.0
5744,E,1.0
5745,A,1.0
5746,B,1.0
5747,C,1.0
5748,D,1.0
5749,E,1.0
5750,A,1.0
5751,B,1.0
5752,C,1.0
5753,D,1.0
5754,E,1.0
5755,A,1.0
5756,B,1.0
5757,C,1.0
5758,D,1.0
5759,E,1.0
5760,A,1.0
5761,B,1.0
5762,C,1.0
5763,D,1.0
5764,E,1.0
5765,A,1.0
5766,B,1.0
5767,C,1.0
5768,D,1.0
5769,E,1.0
5770,A,1.0
5771,B,1.0
5772,C,1.0
5773,D,1.0
5774,E,1.0
5775,A,1.0
5776,B,1.0
5777,C,1.0
5778,D,1.0
5779,E,1.0
5780,A,1.0
5781,B,1.0
5782,C,1.0
5783,D,1.0
5784,E,1.0
5785,A,1.0
5786,B,1.0
5787,C,1.0
5788,D,1.0
5789,E,1.0
5790,A,1.0
5791,B,1.0
5792,C,1.0
5793,D,1.0
5794,E,1.0
5795,A,1.0
5796,B,1.0
5797,C,1.0
5798,D,1.0
5799,E,1.0
5800,A,1.0
5801,B,1.0
5802,C,1.0
5803,D,1.0
5804,E,1.0
5805,A,1.0
5806,B,1.0
5807,C,1.0
5808,D,1.0
5809,E,1.0
5810,A,1.0
5811,B,1.0
5812,C,1.0
5813,D,1.0
5814,E,1.0
5815,A,1.0
5816,B,1.0
5817,C,1.0
5818,D,1.0
5819,E,1.0
5820,A,1.0
5821,B,1.0
5822,C,1.0
5823,D,1.0
5824,E,1.0
5825,A,1.0
5826,B,1.0
5827,C,1.0
5828,D,1.0
5829,E,1.0
5830,A,1.0
5831,B,1.0
5832,C,1.0
5833,D,1.0
5834,E,1.0
5835,A,1.0
5836,B,1.0
5837,C,1.0
5838,D,1.0
5839,E,1.0
5840,A,1.0
5841,B,1.0
5842,C,1.0
5843,D,1.0
5844,E,1.0
5845,A,1.0
5846,B,1.0
5847,C,1.0
5848,D,1.0
5849,E,1.0
5850,A,1.0
5851,B,1.0
5852,C,1.0
5853,D,1.0
5854,E,1.0
5855,A,1.0
5856,B,1.0
5857,C,1.0
5858,D,1.0
5859,E,1.0
5860,A,1.0
5861,B,1.0
5862,C,1.0
5863,D,1.0
5864,E,1.0
5865,A,1.0
5866,B,1.0
5867,C,1.0
5868,D,1.0
5869,E,1.0
5870,A,1.0
5871,B,1.0
5872,C,1.0
5873,D,1.0
5874,E,1.0
5875,A,1.0
5876,B,1.0
5877,C,1.0
5878,D,1.0
5879,E,1.0
5880,A,1.0
5881,B,1.0
5882,C,1.0
5883,D,1.0
5884,E,1.0
5885,A,1.0
5886,B,1.0
5887,C,1.0
5888,D,1.0
5889,E,1.0
5890,A,1.0
5891,B,1.0
5892,C,1.0
5893,D,1.0
5894,E,1.0
5895,A,1.0
5896,B,1.0
5897,C,1.0
5898,D,1.0
5899,E,1.0
5900,A,1.0
5901,B,1.0
5902,C,1.0
5903,D,1.0
5904,E,1.0
5905,A,1.0
5906,B,1.0
5907,C,1.0
5908,D,1.0
5909,E,1.0
5910,A,1.0
5911,B,1.0
5912,C,1.0
5913,D,1.0
5914,E,1.0
5915,A,1.0
5916,B,1.0
5917,C,1.0
5918,D,1.0
5919,E,1.0
5920,A,1.0
5921,B,1.0
5922,C,1.0
5923,D,1.0
5924,E,1.0
5925,A,1.0
5926,B,1.0
5927,C,1.0
5928,D,1.0
5929,E,1.0
5930,A,1.0
5931,B,1.0
5932,C,1.0
5933,D,1.0
5934,E,1.0
5935,A,1.0
5936,B,1.0
5937,C,1.0
5938,D,1.0
5939,E,1.0
5940,A,1.0
5941,B,1.0
5942,C,1.0
5943,D,1.0
5944,E,1.0
5945,A,1.0
5946,B,1.0
5947,C,1.0
5948,D,1.0
5949,E,1.0
5950,A,1.0
5951,B,1.0
5952,C,1.0
5953,D,1.0
5954,E,1.0
5955,A,1.0
5956,B,1.0
5957,C,1.0
5958,D,1.0
5959,E,1.0
5960,A,1.0
5961,B,1.0
5962,C,1.0
5963,D,1.0
5964,E,1.0
5965,A,1.0
5966,B,1.0
5967,C,1.0
5968,D,1.0
5969,E,1.0
5970,A,1.0
5971,B,1.0
5972,C,1.0
5973,D,1.0
5974,E,1.0
5975,A,1.0
5976,B,1.0
5977,C,1.0
5978,D,1.0
5979,E,1.0
5980,A,1.0
5981,B,1.0
5982,C,1.0
5983,D,1.0
5984,E,1.0
5985,A,1.0
5986,B,1.0
5987,C,1.0
5988,D,1.0
5989,E,1.0
5990,A,1.0
5991,B,1.0
5992,C,1.0
5993,D,1.0
5994,E,1.0
5995,A,1.0
5996,B,1.0
5997,C,1.0
5998,D,1.0
5999,E,1.0
6000,A,1.0
6001,B,1.0
6002,C,1.0
6003,D,1.0
6004,E,1.0
6005,A,1.0
6006,B,1.0
6007,C,1.0
6008,D,1.0
6009,E,1.0
6010,A,1.0
6011,B,1.0
6012,C,1.0
6013,D,1.0
6014,E,1.0
6015,A,1.0
6016,B,1.0
6017,C,1.0
6018,D,1.0
6019,E,1.0
6020,A,1.0
6021,B,1.0
6022,C,1.0
6023,D,1.0
6024,E,1.0
6025,A,1.0
6026,B,1.0
6027,C,1.0
6028,D,1.0
6029,E,1.0
6030,A,1.0
6031,B,1.0
6032,C,1.0
6033,D,1.0
6034,E,1.0
6035,A,1.0
6036,B,1.0
6037,C,1.0
6038,D,1.0
6039,E,1.0
6040,A,1.0
6041,B,1.0
6042,C,1.0
6043,D,1.0
6044,E,1.0
6045,A,1.0
6046,B,1.0
6047,C,1.0
6048,D,1.0
6049,E,1.0
6050,A,1.0
6051,B,1.0
6052,C,1.0
6053,D,1.0
6054,E,1.0
6055,A,1.0
6056,B,1.0
6057,C,1.0
6058,D,1.0
6059,E,1.0
6060,A,1.0
6061,B,1.0
6062,C,1.0
6063,D,1.0
6064,E,1.0
6065,A,1.0
6066,B,1.0
6067,C,1.0
6068,D,1.0
6069,E,1.0
6070,A,1.0
6071,B,1.0
6072,C,1.0
6073,D,1.0
6074,E,1.0
6075,A,1.0
6076,B,1.0
6077,C,1.0
6078,D,1.0
6079,E,1.0
6080,A,1.0
6081,B,1.0
6082,C,1.0
6083,D,1.0
6084,E,1.0
6085,A,1.0
6086,B,1.0
6087,C,1.0
6088,D,1.0
6089,E,1.0
6090,A,1.0
6091,B,1.0
6092,C,1.0
6093,D,1.0
6094,E,1.0
6095,A,1.0
6096,B,1.0
6097,C,1.0
6098,D,1.0
6099,E,1.0
6100,A,1.0
6101,B,1.0
6102,C,1.0
6103,D,1.0
6104,E,1.0
6105,A,1.0
6106,B,1.0
6107,C,1.0
6108,D,1.0
6109,E,1.0
6110,A,1.0
6111,B,1.0
6112,C,1.0
6113,D,1.0
6114,E,1.0
6115,A,1.0
6116,B,1.0
6117,C,1.0
6118,D,1.0
6119,E,1.0
6120,A,1.0
6121,B,1.0
6122,C,1.0
6123,D,1.0
6124,E,1.0
6125,A,1.0
6126,B,1.0
6127,C,1.0
6128,D,1.0
6129,E,1.0
6130,A,1.0
6131,B,1.0
6132,C,1.0
6133,D,1.0
6134,E,1.0
6135,A,1.0
6136,B,1.0
6137,C,1.0
6138,D,1.0
6139,E,1.0
6140,A,1.0
6141,B,1.0
6142,C,1.0
6143,D,1.0
6144,E,1.0
6145,A,1.0
6146,B,1.0
6147,C,1.0
6148,D,1.0
6149,E,1.0
6150,A,1.0
6151,B,1.0
6152,C,1.0
6153,D,1.0
6154,E,1.0
6155,A,1.0
6156,B,1.0
6157,C,1.0
6158,D,1.0
6159,E,1.0
6160,A,1.0
6161,B,1.0
6162,C,1.0
6163,D,1.0
6164,E,1.0
6165,A,1.0
6166,B,1.0
6167,C,1.0
6168,D,1.0
6169,E,1.0
6170,A,1.0
6171,B,1.0
6172,C,1.0
6173,D,1.0
6174,E,1.0
6175,A,1.0
6176,B,1.0
6177,C,1.0
6178,D,1.0
6179,E,1.0
6180,A,1.0
6181,B,1.0
6182,C,1.0
6183,D,1.0
6184,E,1.0
6185,A,1.0
6186,B,1.0
6187,C,1.0
6188,D,1.0
6189,E,1.0
6190,A,1.0
6191,B,1.0
6192,C,1.0
6193,D,1.0
6194,E,1.0
6195,A,1.0
6196,B,1.0
6197,C,1.0
6198,D,1.0
6199,E,1.0
6200,A,1.0
6201,B,1.0
6202,C,1.0
6203,D,1.0
6204,E,1.0
6205,A,1.0
6206,B,1.0
6207,C,1.0
6208,D,1.0
6209,E,1.0
6210,A,1.0
6211,B,1.0
6212,C,1.0
6213,D,1.0
6214,E,1.0
6215,A,1.0
6216,B,1.0
6217,C,1.0
6218,D,1.0
6219,E,1.0
6220,A,1.0
6221,B,1.0
6222,C,1.0
6223,D,1.0
6224,E,1.0
6225,A,1.0
6226,B,1.0
6227,C,1.0
6228,D,1.0
6229,E,1.0
6230,A,1.0
6231,B,1.0
6232,C,1.0
6233,D,1.0
6234,E,1.0
6235,A,1.0
6236,B,1.0
6237,C,1.0
6238,D,1.0
6239,E,1.0
6240,A,1.0
6241,B,1.0
6242,C,1.0
6243,D,1.0
6244,E,1.0
6245,A,1.0
6246,B,1.0
6247,C,1.0
6248,D,1.0
6249,E,1.0
6250,A,1.0
6251,B,1.0
6252,C,1.0
6253,D,1.0
6254,E,1.0
6255,A,1.0
6256,B,1.0
6257,C,1.0
6258,D,1.0
6259,E,1.0
6260,A,1.0
6261,B,1.0
6262,C,1.0
6263,D,1.0
6264,E,1.0
6265,A,1.0
6266,B,1.0
6267,C,1.0
6268,D,1.0
6269,E,1.0
6270,A,1.0
6271,B,1.0
6272,C,1.0
6273,D,1.0
6274,E,1.0
6275,A,1.0
6276,B,1.0
6277,C,1.0
6278,D,1.0
6279,E,1.0
6280,A,1.0
6281,B,1.0
6282,C,1.0
6283,D,1.0
6284,E,1.0
6285,A,1.0
6286,B,1.0
6287,C,1.0
6288,D,1.0
6289,E,1.0
6290,A,1.0
6291,B,1.0
6292,C,1.0
6293,D,1.0
6294,E,1.0
6295,A,1.0
6296,B,1.0
6297,C,1.0
6298,D,1.0
6299,E,1.0
6300,A,1.0
6301,B,1.0
6302,C,1.0
6303,D,1.0
6304,E,1.0
6305,A,1.0
6306,B,1.0
6307,C,1.0
6308,D,1.0
6309,E,1.0
6310,A,1.0
6311,B,1.0
6312,C,1.0
6313,D,1.0
6314,E,1.0
6315,A,1.0
6316,B,1.0
6317,C,1.0
6318,D,1.0
6319,E,1.0
6320,A,1.0
6321,B,1.0
6322,C,1.0
6323,D,1.0
6324,E,1.0
6325,A,1.0
6326,B,1.0
6327,C,1.0
6328,D,1.0
6329,E,1.0
6330,A,1.0
6331,B,1.0
6332,C,1.0
6333,D,1.0
6334,E,1.0
6335,A,1.0
6336,B,1.0
6337,C,1.0
6338,D,1.0
6339,E,1.0
6340,A,1.0
6341,B,1.0
6342,C,1.0
6343,D,1.0
6344,E,1.0
6345,A,1.0
6346,B,1.0
6347,C,1.0
6348,D,1.0
6349,E,1.0
6350,A,1.0
6351,B,1.0
6352,C,1.0
6353,D,1.0
6354,E,1.0
6355,A,1.0
6356,B,1.0
6357,C,1.0
6358,D,1.0
6359,E,1.0
6360,A,1.0
6361,B,1.0
6362,C,1.0
6363,D,1.0
6364,E,1.0
6365,A,1.0
6366,B,1.0
6367,C,1.0
6368,D,1.0
6369,E,1.0
6370,A,1.0
6371,B,1.0
6372,C,1.0
6373,D,1.0
6374,E,1.0
6375,A,1.0
6376,B,1.0
6377,C,1.0
6378,D,1.0
6379,E,1.0
6380,A,1.0
6381,B,1.0
6382,C,1.0
6383,D,1.0
6384,E,1.0
6385,A,1.0
6386,B,1.0
6387,C,1.0
6388,D,1.0
6389,E,1.0
6390,A,1.0
6391,B,1.0
6392,C,1.0
6393,D,1.0
6394,E,1.0
6395,A,1.0
6396,B,1.0
6397,C,1.0
6398,D,1.0
6399,E,1.0
6400,A,1.0
6401,B,1.0
6402,C,1.0
6403,D,1.0
6404,E,1.0
6405,A,1.0
6406,B,1.0
6407,C,1.0
6408,D,1.0
6409,E,1.0
6410,A,1.0
6411,B,1.0
6412,C,1.0
6413,D,1.0
6414,E,1.0
6415,A,1.0
6416,B,1.0
6417,C,1.0
6418,D,1.0
6419,E,1.0
6420,A,1.0
6421,B,1.0
6422,C,1.0
6423,D,1.0
6424,E,1.0
6425,A,1.0
6426,B,1.0
6427,C,1.0
6428,D,1.0
6429,E,1.0
6430,A,1.0
6431,B,1.0
6432,C,1.0
6433,D,1.0
6434,E,1.0
6435,A,1.0
6436,B,1.0
6437,C,1.0
6438,D,1.0
6439,E,1.0
6440,A,1.0
6441,B,1.0
6442,C,1.0
6443,D,1.0
6444,E,1.0
6445,A,1.0
6446,B,1.0
6447,C,1.0
6448,D,1.0
6449,E,1.0
6450,A,1.0
6451,B,1.0
6452,C,1.0
6453,D,1.0
6454,E,1.0
6455,A,1.0
6456,B,1.0
6457,C,1.0
6458,D,1.0
6459,E,1.0
6460,A,1.0
6461,B,1.0
6462,C,1.0
6463,D,1.0
6464,E,1.0
6465,A,1.0
6466,B,1.0
6467,C,1.0
6468,D,1.0
6469,E,1.0
6470,A,1.0
6471,B,1.0
6472,C,1.0
6473,D,1.0
6474,E,1.0
6475,A,1.0
6476,B,1.0
6477,C,1.0
6478,D,1.0
6479,E,1.0
6480,A,1.0
6481,B,1.0
6482,C,1.0
6483,D,1.0
6484,E,1.0
6485,A,1.0
6486,B,1.0
6487,C,1.0
6488,D,1.0
6489,E,1.0
6490,A,1.0
6491,B,1.0
6492,C,1.0
6493,D,1.0
6494,E,1.0
6495,A,1.0
6496,B,1.0
6497,C,1.0
6498,D,1.0
6499,E,1.0
6500,A,1.0
6501,B,1.0
6502,C,1.0
6503,D,1.0
6504,E,1.0
6505,A,1.0
6506,B,1.0
6507,C,1.0
6508,D,1.0
6509,E,1.0
6510,A,1.0
6511,B,1.0
6512,C,1.0
6513,D,1.0
6514,E,1.0
6515,A,1.0
6516,B,1.0
6517,C,1.0
6518,D,1.0
6519,E,1.0
6520,A,1.0
6521,B,1.0
6522,C,1.0
6523,D,1.0
6524,E,1.0
6525,A,1.0
6526,B,1.0
6527,C,1.0
6528,D,1.0
6529,E,1.0
6530,A,1.0
6531,B,1.0
6532,C,1.0
6533,D,1.0
6534,E,1.0
6535,A,1.0
6536,B,1.0
6537,C,1.0
6538,D,1.0
6539,E,1.0
6540,A,1.0
6541,B,1.0
6542,C,1.0
6543,D,1.0
6544,E,1.0
6545,A,1.0
6546,B,1.0
6547,C,1.0
6548,D,1.0
6549,E,1.0
6550,A,1.0
6551,B,1.0
6552,C,1.0
6553,D,1.0
6554,E,1.0
6555,A,1.0
6556,B,1.0
6557,C,1.0
6558,D,1.0
6559,E,1.0
6560,A,1.0
6561,B,1.0
6562,C,1.0
6563,D,1.0
6564,E,1.0
6565,A,1.0
6566,B,1.0
6567,C,1.0
6568,D,1.0
6569,E,1.0
6570,A,1.0
6571,B,1.0
6572,C,1.0
6573,D,1.0
6574,E,1.0
6575,A,1.0
6576,B,1.0
6577,C,1.0
6578,D,1.0
6579,E,1.0
6580,A,1.0
6581,B,1.0
6582,C,1.0
6583,D,1.0
6584,E,1.0
6585,A,1.0
6586,B,1.0
6587,C,1.0
6588,D,1.0
6589,E,1.0
6590,A,1.0
6591,B,1.0
6592,C,1.0
6593,D,1.0
6594,E,1.0
6595,A,1.0
6596,B,1.0
6597,C,1.0
6598,D,1.0
6599,E,1.0
6600,A,1.0
6601,B,1.0
6602,C,1.0
6603,D,1.0
6604,E,1.0
6605,A,1.0
6606,B,1.0
6607,C,1.0
6608,D,1.0
6609,E,1.0
6610,A,1.0
6611,B,1.0
6612,C,1.0
6613,D,1.0
6614,E,1.0
6615,A,1.0
6616,B,1.0
6617,C,1.0
6618,D,1.0
6619,E,1.0
6620,A,1.0
6621,B,1.0
6622,C,1.0
6623,D,1.0
6624,E,1.0
6625,A,1.0
6626,B,1.0
6627,C,1.0
6628,D,1.0
6629,E,1.0
6630,A,1.0
6631,B,1.0
6632,C,1.0
6633,D,1.0
6634,E,1.0
6635,A,1.0
6636,B,1.0
6637,C,1.0
6638,D,1.0
6639,E,1.0
6640,A,1.0
6641,B,1.0
6642,C,1.0
6643,D,1.0
6644,E,1.0
6645,A,1.0
6646,B,1.0
6647,C,1.0
6648,D,1.0
6649,E,1.0
6650,A,1.0
6651,B,1.0
6652,C,1.0
6653,D,1.0
6654,E,1.0
6655,A,1.0
6656,B,1.0
6657,C,1.0
6658,D,1.0
6659,E,1.0
6660,A,1.0
6661,B,1.0
6662,C,1.0
6663,D,1.0
6664,E,1.0
6665,A,1.0
6666,B,1.0
6667,C,1.0
6668,D,1.0
6669,E,1.0
6670,A,1.0
6671,B,1.0
6672,C,1.0
6673,D,1.0
6674,E,1.0
6675,A,1.0
6676,B,1.0
6677,C,1.0
6678,D,1.0
6679,E,1.0
6680,A,1.0
6681,B,1.0
6682,C,1.0
6683,D,1.0
6684,E,1.0
6685,A,1.0
6686,B,1.0
6687,C,1.0
6688,D,1.0
6689,E,1.0
6690,A,1.0
6691,B,1.0
6692,C,1.0
6693,D,1.0
6694,E,1.0
6695,A,1.0
6696,B,1.0
6697,C,1.0
6698,D,1.0
6699,E,1.0
6700,A,1.0
6701,B,1.0
6702,C,1.0
6703,D,1.0
6704,E,1.0
6705,A,1.0
6706,B,1.0
6707,C,1.0
6708,D,1.0
6709,E,1.0
6710,A,1.0
6711,B,1.0
6712,C,1.0
6713,D,1.0
6714,E,1.0
6715,A,1.0
6716,B,1.0
6717,C,1.0
6718,D,1.0
6719,E,1.0
6720,A,1.0
6721,B,1.0
6722,C,1.0
6723,D,1.0
6724,E,1.0
6725,A,1.0
6726,B,1.0
6727,C,1.0
6728,D,1.0
6729,E,1.0
6730,A,1.0
6731,B,1.0
6732,C,1.0
6733,D,1.0
6734,E,1.0
6735,A,1.0
6736,B,1.0
6737,C,1.0
6738,D,1.0
6739,E,1.0
6740,A,1.0
6741,B,1.0
6742,C,1.0
6743,D,1.0
6744,E,1.0
6745,A,1.0
6746,B,1.0
6747,C,1.0
6748,D,1.0
6749,E,1.0
6750,A,1.0
6751,B,1.0
6752,C,1.0
6753,D,1.0
6754,E,1.0
6755,A,1.0
6756,B,1.0
6757,C,1.0
6758,D,1.0
6759,E,1.0
6760,A,1.0
6761,B,1.0
6762,C,1.0
6763,D,1.0
6764,E,1.0
6765,A,1.0
6766,B,1.0
6767,C,1.0
6768,D,1.0
6769,E,1.0
6770,A,1.0
6771,B,1.0
6772,C,1.0
6773,D,1.0
6774,E,1.0
6775,A,1.0
6776,B,1.0
6777,C,1.0
6778,D,1.0
6779,E,1.0
6780,A,1.0
6781,B,1.0
6782,C,1.0
6783,D,1.0
6784,E,1.0
6785,A,1.0
6786,B,1.0
6787,C,1.0
6788,D,1.0
6789,E,1.0
6790,A,1.0
6791,B,1.0
6792,C,1.0
6793,D,1.0
6794,E,1.0
6795,A,1.0
6796,B,1.0
6797,C,1.0
6798,D,1.0
6799,E,1.0
6800,A,1.0
6801,B,1.0
6802,C,1.0
6803,D,1.0
6804,E,1.0
6805,A,1.0
6806,B,1.0
6807,C,1.0
6808,D,1.0
6809,E,1.0
6810,A,1.0
6811,B,1.0
6812,C,1.0
6813,D,1.0
6814,E,1.0
6815,A,1.0
6816,B,1.0
6817,C,1.0
6818,D,1.0
6819,E,1.0
6820,A,1.0
6821,B,1.0
6822,C,1.0
6823,D,1.0
6824,E,1.0
6825,A,1.0
6826,B,1.0
6827,C,1.0
6828,D,1.0
6829,E,1.0
6830,A,1.0
6831,B,1.0
6832,C,1.0
6833,D,1.0
6834,E,1.0
6835,A,1.0
6836,B,1.0
6837,C,1.0
6838,D,1.0
6839,E,1.0
6840,A,1.0
6841,B,1.0
6842,C,1.0
6843,D,1.0
6844,E,1.0
6845,A,1.0
6846,B,1.0
6847,C,1.0
6848,D,1.0
6849,E,1.0
6850,A,1.0
6851,B,1.0
6852,C,1.0
6853,D,1.0
6854,E,1.0
6855,A,1.0
6856,B,1.0
6857,C,1.0
6858,D,1.0
6859,E,1.0
6860,A,1.0
6861,B,1.0
6862,C,1.0
6863,D,1.0
6864,E,1.0
6865,A,1.0
6866,B,1.0
6867,C,1.0
6868,D,1.0
6869,E,1.0
6870,A,1.0
6871,B,1.0
6872,C,1.0
6873,D,1.0
6874,E,1.0
6875,A,1.0
6876,B,1.0
6877,C,1.0
6878,D,1.0
6879,E,1.0
6880,A,1.0
6881,B,1.0
6882,C,1.0
6883,D,1.0
6884,E,1.0
6885,A,1.0
6886,B,1.0
6887,C,1.0
6888,D,1.0
6889,E,1.0
6890,A,1.0
6891,B,1.0
6892,C,1.0
6893,D,1.0
6894,E,1.0
6895,A,1.0
6896,B,1.0
6897,C,1.0
6898,D,1.0
6899,E,1.0
6900,A,1.0
6901,B,1.0
6902,C,1.0
6903,D,1.0
6904,E,1.0
6905,A,1.0
6906,B,1.0
6907,C,1.0
6908,D,1.0
6909,E,1.0
6910,A,1.0
6911,B,1.0
6912,C,1.0
6913,D,1.0
6914,E,1.0
6915,A,1.0
6916,B,1.0
6917,C,1.0
6918,D,1.0
6919,E,1.0
6920,A,1.0
6921,B,1.0
6922,C,1.0
6923,D,1.0
6924,E,1.0
6925,A,1.0
6926,B,1.0
6927,C,1.0
6928,D,1.0
6929,E,1.0
6930,A,1.0
6931,B,1.0
6932,C,1.0
6933,D,1.0
6934,E,1.0
6935,A,1.0
6936,B,1.0
6937,C,1.0
6938,D,1.0
6939,E,1.0
6940,A,1.0
6941,B,1.0
6942,C,1.0
6943,D,1.0
6944,E,1.0
6945,A,1.0
6946,B,1.0
6947,C,1.0
6948,D,1.0
6949,E,1.0
6950,A,1.0
6951,B,1.0
6952,C,1.0
6953,D,1.0
6954,E,1.0
6955,A,1.0
6956,B,1.0
6957,C,1.0
6958,D,1.0
6959,E,1.0
6960,A,1.0
6961,B,1.0
6962,C,1.0
6963,D,1.0
6964,E,1.0
6965,A,1.0
6966,B,1.0
6967,C,1.0
6968,D,1.0
6969,E,1.0
6970,A,1.0
6971,B,1.0
6972,C,1.0
6973,D,1.0
6974,E,1.0
6975,A,1.0
6976,B,1.0
6977,C,1.0
6978,D,1.0
6979,E,1.0
6980,A,1.0
6981,B,1.0
6982,C,1.0
6983,D,1.0
6984,E,1.0
6985,A,1.0
6986,B,1.0
6987,C,1.0
6988,D,1.0
6989,E,1.0
6990,A,1.0
6991,B,1.0
6992,C,1.0
6993,D,1.0
6994,E,1.0
6995,A,1.0
6996,B,1.0
6997,C,1.0
6998,D,1.0
6999,E,1.0
7000,A,1.0
7001,B,1.0
7002,C,1.0
7003,D,1.0
7004,E,1.0
7005,A,1.0
7006,B,1.0
7007,C,1.0
7008,D,1.0
7009,E,1.0
7010,A,1.0
7011,B,1.0
7012,C,1.0
7013,D,1.0
7014,E,1.0
7015,A,1.0
7016,B,1.0
7017,C,1.0
7018,D,1.0
7019,E,1.0
7020,A,1.0
7021,B,1.0
7022,C,1.0
7023,D,1.0
7024,E,1.0
7025,A,1.0
7026,B,1.0
7027,C,1.0
7028,D,1.0
7029,E,1.0
7030,A,1.0
7031,B,1.0
7032,C,1.0
7033,D,1.0
7034,E,1.0
7035,A,1.0
7036,B,1.0
7037,C,1.0
7038,D,1.0
7039,E,1.0
7040,A,1.0
7041,B,1.0
7042,C,1.0
7043,D,1.0
7044,E,1.0
7045,A,1.0
7046,B,1.0
7047,C,1.0
7048,D,1.0
7049,E,1.0
7050,A,1.0
7051,B,1.0
7052,C,1.0
7053,D,1.0
7054,E,1.0
7055,A,1.0
7056,B,1.0
7057,C,1.0
7058,D,1.0
7059,E,1.0
7060,A,1.0
7061,B,1.0
7062,C,1.0
7063,D,1.0
7064,E,1.0
7065,A,1.0
7066,B,1.0
7067,C,1.0
7068,D,1.0
7069,E,1.0
7070,A,1.0
7071,B,1.0
7072,C,1.0
7073,D,1.0
7074,E,1.0
7075,A,1.0
7076,B,1.0
7077,C,1.0
7078,D,1.0
7079,E,1.0
7080,A,1.0
7081,B,1.0
7082,C,1.0
7083,D,1.0
7084,E,1.0
7085,A,1.0
7086,B,1.0
7087,C,1.0
7088,D,1.0
7089,E,1.0
7090,A,1.0
7091,B,1.0
7092,C,1.0
7093,D,1.0
7094,E,1.0
7095,A,1.0
7096,B,1.0
7097,C,1.0
7098,D,1.0
7099,E,1.0
7100,A,1.0
7101,B,1.0
7102,C,1.0
7103,D,1.0
7104,E,1.0
7105,A,1.0
7106,B,1.0
7107,C,1.0
7108,D,1.0
7109,E,1.0
7110,A,1.0
7111,B,1.0
7112,C,1.0
7113,D,1.0
7114,E,1.0
7115,A,1.0
7116,B,1.0
7117,C,1.0
7118,D,1.0
7119,E,1.0
7120,A,1.0
7121,B,1.0
7122,C,1.0
7123,D,1.0
7124,E,1.0
7125,A,1.0
7126,B,1.0
7127,C,1.0
7128,D,1.0
7129,E,1.0
7130,A,1.0
7131,B,1.0
7132,C,1.0
7133,D,1.0
7134,E,1.0
7135,A,1.0
7136,B,1.0
7137,C,1.0
7138,D,1.0
7139,E,1.0
7140,A,1.0
7141,B,1.0
7142,C,1.0
7143,D,1.0
7144,E,1.0
7145,A,1.0
7146,B,1.0
7147,C,1.0
7148,D,1.0
7149,E,1.0
7150,A,1.0
7151,B,1.0
7152,C,1.0
7153,D,1.0
7154,E,1.0
7155,A,1.0
7156,B,1.0
7157,C,1.0
7158,D,1.0
7159,E,1.0
7160,A,1.0
7161,B,1.0
7162,C,1.0
7163,D,1.0
7164,E,1.0
7165,A,1.0
7166,B,1.0
7167,C,1.0
7168,D,1.0
7169,E,1.0
7170,A,1.0
7171,B,1.0
7172,C,1.0
7173,D,1.0
7174,E,1.0
7175,A,1.0
7176,B,1.0
7177,C,1.0
7178,D,1.0
7179,E,1.0
7180,A,1.0
7181,B,1.0
7182,C,1.0
7183,D,1.0
7184,E,1.0
7185,A,1.0
7186,B,1.0
7187,C,1.0
7188,D,1.0
7189,E,1.0
7190,A,1.0
7191,B,1.0
7192,C,1.0
7193,D,1.0
7194,E,1.0
7195,A,1.0
7196,B,1.0
7197,C,1.0
7198,D,1.0
7199,E,1.0
7200,A,1.0
7201,B,1.0
7202,C,1.0
7203,D,1.0
7204,E,1.0
7205,A,1.0
7206,B,1.0
7207,C,1.0
7208,D,1.0
7209,E,1.0
7210,A,1.0
7211,B,1.0
7212,C,1.0
7213,D,1.0
7214,E,1.0
7215,A,1.0
7216,B,1.0
7217,C,1.0
7218,D,1.0
7219,E,1.0
7220,A,1.0
7221,B,1.0
7222,C,1.0
7223,D,1.0
7224,E,1.0
7225,A,1.0
7226,B,1.0
7227,C,1.0
7228,D,1.0
7229,E,1.0
7230,A,1.0
7231,B,1.0
7232,C,1.0
7233,D,1.0
7234,E,1.0
7235,A,1.0
7236,B,1.0
7237,C,1.0
7238,D,1.0
7239,E,1.0
7240,A,1.0
7241,B,1.0
7242,C,1.0
7243,D,1.0
7244,E,1.0
7245,A,1.0
7246,B,1.0
7247,C,1.0
7248,D,1.0
7249,E,1.0
7250,A,1.0
7251,B,1.0
7252,C,1.0
7253,D,1.0
7254,E,1.0
7255,A,1.0
7256,B,1.0
7257,C,1.0
7258,D,1.0
7259,E,1.0
7260,A,1.0
7261,B,1.0
7262,C,1.0
7263,D,1.0
7264,E,1.0
7265,A,1.0
7266,B,1.0
7267,C,1.0
7268,D,1.0
7269,E,1.0
7270,A,1.0
7271,B,1.0
7272,C,1.0
7273,D,1.0
7274,E,1.0
7275,A,1.0
7276,B,1.0
7277,C,1.0
7278,D,1.0
7279,E,1.0
7280,A,1.0
7281,B,1.0
7282,C,1.0
7283,D,1.0
7284,E,1.0
7285,A,1.0
7286,B,1.0
7287,C,1.0
7288,D,1.0
7289,E,1.0
7290,A,1.0
7291,B,1.0
7292,C,1.0
7293,D,1.0
7294,E,1.0
7295,A,1.0
7296,B,1.0
7297,C,1.0
7298,D,1.0
7299,E,1.0
7300,A,1.0
7301,B,1.0
7302,C,1.0
7303,D,1.0
7304,E,1.0
7305,A,1.0
7306,B,1.0
7307,C,1.0
7308,D,1.0
7309,E,1.0
7310,A,1.0
7311,B,1.0
7312,C,1.0
7313,D,1.0
7314,E,1.0
7315,A,1.0
7316,B,1.0
7317,C,1.0
7318,D,1.0
7319,E,1.0
7320,A,1.0
7321,B,1.0
7322,C,1.0
7323,D,1.0
7324,E,1.0
7325,A,1.0
7326,B,1.0
7327,C,1.0
7328,D,1.0
7329,E,1.0
7330,A,1.0
7331,B,1.0
7332,C,1.0
7333,D,1.0
7334,E,1.0
7335,A,1.0
7336,B,1.0
7337,C,1.0
7338,D,1.0
7339,E,1.0
7340,A,1.0
7341,B,1.0
7342,C,1.0
7343,D,1.0
7344,E,1.0
7345,A,1.0
7346,B,1.0
7347,C,1.0
7348,D,1.0
7349,E,1.0
7350,A,1.0
7351,B,1.0
7352,C,1.0
7353,D,1.0
7354,E,1.0
7355,A,1.0
7356,B,1.0
7357,C,1.0
7358,D,1.0
7359,E,1.0
7360,A,1.0
7361,B,1.0
7362,C,1.0
7363,D,1.0
7364,E,1.0
7365,A,1.0
7366,B,1.0
7367,C,1.0
7368,D,1.0
7369,E,1.0
7370,A,1.0
7371,B,1.0
7372,C,1.0
7373,D,1.0
7374,E,1.0
7375,A,1.0
7376,B,1.0
7377,C,1.0
7378,D,1.0
7379,E,1.0
7380,A,1.0
7381,B,1.0
7382,C,1.0
7383,D,1.0
7384,E,1.0
7385,A,1.0
7386,B,1.0
7387,C,1.0
7388,D,1.0
7389,E,1.0
7390,A,1.0
7391,B,1.0
7392,C,1.0
7393,D,1.0
7394,E,1.0
7395,A,1.0
7396,B,1.0
7397,C,1.0
7398,D,1.0
7399,E,1.0
7400,A,1.0
7401,B,1.0
7402,C,1.0
7403,D,1.0
7404,E,1.0
7405,A,1.0
7406,B,1.0
7407,C,1.0
7408,D,1.0
7409,E,1.0
7410,A,1.0
7411,B,1.0
7412,C,1.0
7413,D,1.0
7414,E,1.0
7415,A,1.0
7416,B,1.0
7417,C,1.0
7418,D,1.0
7419,E,1.0
7420,A,1.0
7421,B,1.0
7422,C,1.0
7423,D,1.0
7424,E,1.0
7425,A,1.0
7426,B,1.0
7427,C,1.0
7428,D,1.0
7429,E,1.0
7430,A,1.0
7431,B,1.0
7432,C,1.0
7433,D,1.0
7434,E,1.0
7435,A,1.0
7436,B,1.0
7437,C,1.0
7438,D,1.0
7439,E,1.0
7440,A,1.0
7441,B,1.0
7442,C,1.0
7443,D,1.0
7444,E,1.0
7445,A,1.0
7446,B,1.0
7447,C,1.0
7448,D,1.0
7449,E,1.0
7450,A,1.0
7451,B,1.0
7452,C,1.0
7453,D,1.0
7454,E,1.0
7455,A,1.0
7456,B,1.0
7457,C,1.0
7458,D,1.0
7459,E,1.0
7460,A,1.0
7461,B,1.0
7462,C,1.0
7463,D,1.0
7464,E,1.0
7465,A,1.0
7466,B,1.0
7467,C,1.0
7468,D,1.0
7469,E,1.0
7470,A,1.0
7471,B,1.0
7472,C,1.0
7473,D,1.0
7474,E,1.0
7475,A,1.0
7476,B,1.0
7477,C,1.0
7478,D,1.0
7479,E,1.0
7480,A,1.0
7481,B,1.0
7482,C,1.0
7483,D,1.0
7484,E,1.0
7485,A,1.0
7486,B,1.0
7487,C,1.0
7488,D,1.0
7489,E,1.0
7490,A,1.0
7491,B,1.0
7492,C,1.0
7493,D,1.0
7494,E,1.0
7495,A,1.0
7496,B,1.0
7497,C,1.0
7498,D,1.0
7499,E,1.0
7500,A,1.0
7501,B,1.0
7502,C,1.0
7503,D,1.0
7504,E,1.0
7505,A,1.0
7506,B,1.0
7507,C,1.0
7508,D,1.0
7509,E,1.0
7510,A,1.0
7511,B,1.0
7512,C,1.0
7513,D,1.0
7514,E,1.0
7515,A,1.0
7516,B,1.0
7517,C,1.0
7518,D,1.0
7519,E,1.0
7520,A,1.0
7521,B,1.0
7522,C,1.0
7523,D,1.0
7524,E,1.0
7525,A,1.0
7526,B,1.0
7527,C,1.0
7528,D,1.0
7529,E,1.0
7530,A,1.0
7531,B,1.0
7532,C,1.0
7533,D,1.0
7534,E,1.0
7535,A,1.0
7536,B,1.0
7537,C,1.0
7538,D,1.0
7539,E,1.0
7540,A,1.0
7541,B,1.0
7542,C,1.0
7543,D,1.0
7544,E,1.0
7545,A,1.0
7546,B,1.0
7547,C,1.0
7548,D,1.0
7549,E,1.0
7550,A,1.0
7551,B,1.0
7552,C,1.0
7553,D,1.0
7554,E,1.0
7555,A,1.0
7556,B,1.0
7557,C,1.0
7558,D,1.0
7559,E,1.0
7560,A,1.0
7561,B,1.0
7562,C,1.0
7563,D,1.0
7564,E,1.0
7565,A,1.0
7566,B,1.0
7567,C,1.0
7568,D,1.0
7569,E,1.0
7570,A,1.0
7571,B,1.0
7572,C,1.0
7573,D,1.0
7574,E,1.0
7575,A,1.0
7576,B,1.0
7577,C,1.0
7578,D,1.0
7579,E,1.0
7580,A,1.0
7581,B,1.0
7582,C,1.0
7583,D,1.0
7584,E,1.0
7585,A,1.0
7586,B,1.0
7587,C,1.0
7588,D,1.0
7589,E,1.0
7590,A,1.0
7591,B,1.0
7592,C,1.0
7593,D,1.0
7594,E,1.0
7595,A,1.0
7596,B,1.0
7597,C,1.0
7598,D,1.0
7599,E,1.0
7600,A,1.0
7601,B,1.0
7602,C,1.0
7603,D,1.0
7604,E,1.0
7605,A,1.0
7606,B,1.0
7607,C,1.0
7608,D,1.0
7609,E,1.0
7610,A,1.0
7611,B,1.0
7612,C,1.0
7613,D,1.0
7614,E,1.0
7615,A,1.0
7616,B,1.0
7617,C,1.0
7618,D,1.0
7619,E,1.0
7620,A,1.0
7621,B,1.0
7622,C,1.0
7623,D,1.0
7624,E,1.0
7625,A,1.0
7626,B,1.0
7627,C,1.0
7628,D,1.0
7629,E,1.0
7630,A,1.0
7631,B,1.0
7632,C,1.0
7633,D,1.0
7634,E,1.0
7635,A,1.0
7636,B,1.0
7637,C,1.0
7638,D,1.0
7639,E,1.0
7640,A,1.0
7641,B,1.0
7642,C,1.0
7643,D,1.0
7644,E,1.0
7645,A,1.0
7646,B,1.0
7647,C,1.0
7648,D,1.0
7649,E,1.0
7650,A,1.0
7651,B,1.0
7652,C,1.0
7653,D,1.0
7654,E,1.0
7655,A,1.0
7656,B,1.0
7657,C,1.0
7658,D,1.0
7659,E,1.0
7660,A,1.0
7661,B,1.0
7662,C,1.0
7663,D,1.0
7664,E,1.0
7665,A,1.0
7666,B,1.0
7667,C,1.0
7668,D,1.0
7669,E,1.0
7670,A,1.0
7671,B,1.0
7672,C,1.0
7673,D,1.0
7674,E,1.0
7675,A,1.0
7676,B,1.0
7677,C,1.0
7678,D,1.0
7679,E,1.0
7680,A,1.0
7681,B,1.0
7682,C,1.0
7683,D,1.0
7684,E,1.0
7685,A,1.0
7686,B,1.0
7687,C,1.0
7688,D,1.0
7689,E,1.0
7690,A,1.0
7691,B,1.0
7692,C,1.0
7693,D,1.0
7694,E,1.0
7695,A,1.0
7696,B,1.0
7697,C,1.0
7698,D,1.0
7699,E,1.0
7700,A,1.0
7701,B,1.0
7702,C,1.0
7703,D,1.0
7704,E,1.0
7705,A,1.0
7706,B,1.0
7707,C,1.0
7708,D,1.0
7709,E,1.0
7710,A,1.0
7711,B,1.0
7712,C,1.0
7713,D,1.0
7714,E,1.0
7715,A,1.0
7716,B,1.0
7717,C,1.0
7718,D,1.0
7719,E,1.0
7720,A,1.0
7721,B,1.0
7722,C,1.0
7723,D,1.0
7724,E,1.0
7725,A,1.0
7726,B,1.0
7727,C,1.0
7728,D,1.0
7729,E,1.0
7730,A,1.0
7731,B,1.0
7732,C,1.0
7733,D,1.0
7734,E,1.0
7735,A,1.0
7736,B,1.0
7737,C,1.0
7738,D,1.0
7739,E,1.0
7740,A,1.0
7741,B,1.0
7742,C,1.0
7743,D,1.0
7744,E,1.0
7745,A,1.0
7746,B,1.0
7747,C,1.0
7748,D,1.0
7749,E,1.0
7750,A,1.0
7751,B,1.0
7752,C,1.0
7753,D,1.0
7754,E,1.0
7755,A,1.0
7756,B,1.0
7757,C,1.0
7758,D,1.0
7759,E,1.0
7760,A,1.0
7761,B,1.0
7762,C,1.0
7763,D,1.0
7764,E,1.0
7765,A,1.0
7766,B,1.0
7767,C,1.0
7768,D,1.0
7769,E,1.0
7770,A,1.0
7771,B,1.0
7772,C,1.0
7773,D,1.0
7774,E,1.0
7775,A,1.0
7776,B,1.0
7777,C,1.0
7778,D,1.0
7779,E,1.0
7780,A,1.0
7781,B,1.0
7782,C,1.0
7783,D,1.0
7784,E,1.0
7785,A,1.0
7786,B,1.0
7787,C,1.0
7788,D,1.0
7789,E,1.0
7790,A,1.0
7791,B,1.0
7792,C,1.0
7793,D,1.0
7794,E,1.0
7795,A,1.0
7796,B,1.0
7797,C,1.0
7798,D,1.0
7799,E,1.0
7800,A,1.0
7801,B,1.0
7802,C,1.0
7803,D,1.0
7804,E,1.0
7805,A,1.0
7806,B,1.0
7807,C,1.0
7808,D,1.0
7809,E,1.0
7810,A,1.0
7811,B,1.0
7812,C,1.0
7813,D,1.0
7814,E,1.0
7815,A,1.0
7816,B,1.0
7817,C,1.0
7818,D,1.0
7819,E,1.0
7820,A,1.0
7821,B,1.0
7822,C,1.0
7823,D,1.0
7824,E,1.0
7825,A,1.0
7826,B,1.0
7827,C,1.0
7828,D,1.0
7829,E,1.0
7830,A,1.0
7831,B,1.0
7832,C,1.0
7833,D,1.0
7834,E,1.0
7835,A,1.0
7836,B,1.0
7837,C,1.0
7838,D,1.0
7839,E,1.0
7840,A,1.0
7841,B,1.0
7842,C,1.0
7843,D,1.0
7844,E,1.0
7845,A,1.0
7846,B,1.0
7847,C,1.0
7848,D,1.0
7849,E,1.0
7850,A,1.0
7851,B,1.0
7852,C,1.0
7853,D,1.0
7854,E,1.0
7855,A,1.0
7856,B,1.0
7857,C,1.0
7858,D,1.0
7859,E,1.0
7860,A,1.0
7861,B,1.0
7862,C,1.0
7863,D,1.0
7864,E,1.0
7865,A,1.0
7866,B,1.0
7867,C,1.0
7868,D,1.0
7869,E,1.0
7870,A,1.0
7871,B,1.0
7872,C,1.0
7873,D,1.0
7874,E,1.0
7875,A,1.0
7876,B,1.0
7877,C,1.0
7878,D,1.0
7879,E,1.0
7880,A,1.0
7881,B,1.0
7882,C,1.0
7883,D,1.0
7884,E,1.0
7885,A,1.0
7886,B,1.0
7887,C,1.0
7888,D,1.0
7889,E,1.0
7890,A,1.0
7891,B,1.0
7892,C,1.0
7893,D,1.0
7894,E,1.0
7895,A,1.0
7896,B,1.0
7897,C,1.0
7898,D,1.0
7899,E,1.0
7900,A,1.0
7901,B,1.0
7902,C,1.0
7903,D,1.0
7904,E,1.0
7905,A,1.0
7906,B,1.0
7907,C,1.0
7908,D,1.0
7909,E,1.0
7910,A,1.0
7911,B,1.0
7912,C,1.0
7913,D,1.0
7914,E,1.0
7915,A,1.0
7916,B,1.0
7917,C,1.0
7918,D,1.0
7919,E,1.0
7920,A,1.0
7921,B,1.0
7922,C,1.0
7923,D,1.0
7924,E,1.0
7925,A,1.0
7926,B,1.0
7927,C,1.0
7928,D,1.0
7929,E,1.0
7930,A,1.0
7931,B,1.0
7932,C,1.0
7933,D,1.0
7934,E,1.0
7935,A,1.0
7936,B,1.0
7937,C,1.0
7938,D,1.0
7939,E,1.0
7940,A,1.0
7941,B,1.0
7942,C,1.0
7943,D,1.0
7944,E,1.0
7945,A,1.0
7946,B,1.0
7947,C,1.0
7948,D,1.0
7949,E,1.0
7950,A,1.0
7951,B,1.0
7952,C,1.0
7953,D,1.0
7954,E,1.0
7955,A,1.0
7956,B,1.0
7957,C,1.0
7958,D,1.0
7959,E,1.0
7960,A,1.0
7961,B,1.0
7962,C,1.0
7963,D,1.0
7964,E,1.0
7965,A,1.0
7966,B,1.0
7967,C,1.0
7968,D,1.0
7969,E,1.0
7970,A,1.0
7971,B,1.0
7972,C,1.0
7973,D,1.0
7974,E,1.0
7975,A,1.0
7976,B,1.0
7977,C,1.0
7978,D,1.0
7979,E,1.0
7980,A,1.0
7981,B,1.0
7982,C,1.0
7983,D,1.0
7984,E,1.0
7985,A,1.0
7986,B,1.0
7987,C,1.0
7988,D,1.0
7989,E,1.0
7990,A,1.0
7991,B,1.0
7992,C,1.0
7993,D,1.0
7994,E,1.0
7995,A,1.0
7996,B,1.0
7997,C,1.0
7998,D,1.0
7999,E,1.0
8000,A,1.0
8001,B,1.0
8002,C,1.0
8003,D,1.0
8004,E,1.0
8005,A,1.0
8006,B,1.0
8007,C,1.0
8008,D,1.0
8009,E,1.0
8010,A,1.0
8011,B,1.0
8012,C,1.0
8013,D,1.0
8014,E,1.0
8015,A,1.0
8016,B,1.0
8017,C,1.0
8018,D,1.0
8019,E,1.0
8020,A,1.0
8021,B,1.0
8022,C,1.0
8023,D,1.0
8024,E,1.0
8025,A,1.0
8026,B,1.0
8027,C,1.0
8028,D,1.0
8029,E,1.0
8030,A,1.0
8031,B,1.0
8032,C,1.0
8033,D,1.0
8034,E,1.0
8035,A,1.0
8036,B,1.0
8037,C,1.0
8038,D,1.0
8039,E,1.0
8040,A,1.0
8041,B,1.0
8042,C,1.0
8043,D,1.0
8044,E,1.0
8045,A,1.0
8046,B,1.0
8047,C,1.0
8048,D,1.0
8049,E,1.0
8050,A,1.0
8051,B,1.0
8052,C,1.0
8053,D,1.0
8054,E,1.0
8055,A,1.0
8056,B,1.0
8057,C,1.0
8058,D,1.0
8059,E,1.0
8060,A,1.0
8061,B,1.0
8062,C,1.0
8063,D,1.0
8064,E,1.0
8065,A,1.0
8066,B,1.0
8067,C,1.0
8068,D,1.0
8069,E,1.0
8070,A,1.0
8071,B,1.0
8072,C,1.0
8073,D,1.0
8074,E,1.0
8075,A,1.0
8076,B,1.0
8077,C,1.0
8078,D,1.0
8079,E,1.0
8080,A,1.0
8081,B,1.0
8082,C,1.0
8083,D,1.0
8084,E,1.0
8085,A,1.0
8086,B,1.0
8087,C,1.0
8088,D,1.0
8089,E,1.0
8090,A,1.0
8091,B,1.0
8092,C,1.0
8093,D,1.0
8094,E,1.0
8095,A,1.0
8096,B,1.0
8097,C,1.0
8098,D,1.0
8099,E,1.0
8100,A,1.0
8101,B,1.0
8102,C,1.0
8103,D,1.0
8104,E,1.0
8105,A,1.0
8106,B,1.0
8107,C,1.0
8108,D,1.0
8109,E,1.0
8110,A,1.0
8111,B,1.0
8112,C,1.0
8113,D,1.0
8114,E,1.0
8115,A,1.0
8116,B,1.0
8117,C,1.0
8118,D,1.0
8119,E,1.0
8120,A,1.0
8121,B,1.0
8122,C,1.0
8123,D,1.0
8124,E,1.0
8125,A,1.0
8126,B,1.0
8127,C,1.0
8128,D,1.0
8129,E,1.0
8130,A,1.0
8131,B,1.0
8132,C,1.0
8133,D,1.0
8134,E,1.0
8135,A,1.0
8136,B,1.0
8137,C,1.0
8138,D,1.0
8139,E,1.0
8140,A,1.0
8141,B,1.0
8142,C,1.0
8143,D,1.0
8144,E,1.0
8145,A,1.0
8146,B,1.0
8147,C,1.0
8148,D,1.0
8149,E,1.0
8150,A,1.0
8151,B,1.0
8152,C,1.0
8153,D,1.0
8154,E,1.0
8155,A,1.0
8156,B,1.0
8157,C,1.0
8158,D,1.0
8159,E,1.0
8160,A,1.0
8161,B,1.0
8162,C,1.0
8163,D,1.0
8164,E,1.0
8165,A,1.0
8166,B,1.0
8167,C,1.0
8168,D,1.0
8169,E,1.0
8170,A,1.0
8171,B,1.0
8172,C,1.0
8173,D,1.0
8174,E,1.0
8175,A,1.0
8176,B,1.0
8177,C,1.0
8178,D,1.0
8179,E,1.0
8180,A,1.0
8181,B,1.0
8182,C,1.0
8183,D,1.0
8184,E,1.0
8185,A,1.0
8186,B,1.0
8187,C,1.0
8188,D,1.0
8189,E,1.0
8190,A,1.0
8191,B,1.0
8192,C,1.0
8193,D,1.0
8194,E,1.0
8195,A,1.0
8196,B,1.0
8197,C,1.0
8198,D,1.0
8199,E,1.0
8200,A,1.0
8201,B,1.0
8202,C,1.0
8203,D,1.0
8204,E,1.0
8205,A,1.0
8206,B,1.0
8207,C,1.0
8208,D,1.0
8209,E,1.0
8210,A,1.0
8211,B,1.0
8212,C,1.0
8213,D,1.0
8214,E,1.0
8215,A,1.0
8216,B,1.0
8217,C,1.0
8218,D,1.0
8219,E,1.0
8220,A,1.0
8221,B,1.0
8222,C,1.0
8223,D,1.0
8224,E,1.0
8225,A,1.0
8226,B,1.0
8227,C,1.0
8228,D,1.0
8229,E,1.0
8230,A,1.0
8231,B,1.0
8232,C,1.0
8233,D,1.0
8234,E,1.0
8235,A,1.0
8236,B,1.0
8237,C,1.0
8238,D,1.0
8239,E,1.0
8240,A,1.0
8241,B,1.0
8242,C,1.0
8243,D,1.0
8244,E,1.0
8245,A,1.0
8246,B,1.0
8247,C,1.0
8248,D,1.0
8249,E,1.0
8250,A,1.0
8251,B,1.0
8252,C,1.0
8253,D,1.0
8254,E,1.0
8255,A,1.0
8256,B,1.0
8257,C,1.0
8258,D,1.0
8259,E,1.0
8260,A,1.0
8261,B,1.0
8262,C,1.0
8263,D,1.0
8264,E,1.0
8265,A,1.0
8266,B,1.0
8267,C,1.0
8268,D,1.0
8269,E,1.0
8270,A,1.0
8271,B,1.0
8272,C,1.0
8273,D,1.0
8274,E,1.0
8275,A,1.0
8276,B,1.0
8277,C,1.0
8278,D,1.0
8279,E,1.0
8280,A,1.0
8281,B,1.0
8282,C,1.0
8283,D,1.0
8284,E,1.0
8285,A,1.0
8286,B,1.0
8287,C,1.0
8288,D,1.0
8289,E,1.0
8290,A,1.0
8291,B,1.0
8292,C,1.0
8293,D,1.0
8294,E,1.0
8295,A,1.0
8296,B,1.0
8297,C,1.0
8298,D,1.0
8299,E,1.0
8300,A,1.0
8301,B,1.0
8302,C,1.0
8303,D,1.0
8304,E,1.0
8305,A,1.0
8306,B,1.0
8307,C,1.0
8308,D,1.0
8309,E,1.0
8310,A,1.0
8311,B,1.0
8312,C,1.0
8313,D,1.0
8314,E,1.0
8315,A,1.0
8316,B,1.0
8317,C,1.0
8318,D,1.0
8319,E,1.0
8320,A,1.0
8321,B,1.0
8322,C,1.0
8323,D,1.0
8324,E,1.0
8325,A,1.0
8326,B,1.0
8327,C,1.0
8328,D,1.0
8329,E,1.0
8330,A,1.0
8331,B,1.0
8332,C,1.0
8333,D,1.0
8334,E,1.0
8335,A,1.0
8336,B,1.0
8337,C,1.0
8338,D,1.0
8339,E,1.0
8340,A,1.0
8341,B,1.0
8342,C,1.0
8343,D,1.0
8344,E,1.0
8345,A,1.0
8346,B,1.0
8347,C,1.0
8348,D,1.0
8349,E,1.0
8350,A,1.0
8351,B,1.0
8352,C,1.0
8353,D,1.0
8354,E,1.0
8355,A,1.0
8356,B,1.0
8357,C,1.0
8358,D,1.0
8359,E,1.0
8360,A,1.0
8361,B,1.0
8362,C,1.0
8363,D,1.0
8364,E,1.0
8365,A,1.0
8366,B,1.0
8367,C,1.0
8368,D,1.0
8369,E,1.0
8370,A,1.0
8371,B,1.0
8372,C,1.0
8373,D,1.0
8374,E,1.0
8375,A,1.0
8376,B,1.0
8377,C,1.0
8378,D,1.0
8379,E,1.0
8380,A,1.0
8381,B,1.0
8382,C,1.0
8383,D,1.0
8384,E,1.0
8385,A,1.0
8386,B,1.0
8387,C,1.0
8388,D,1.0
8389,E,1.0
8390,A,1.0
8391,B,1.0
8392,C,1.0
8393,D,1.0
8394,E,1.0
8395,A,1.0
8396,B,1.0
8397,C,1.0
8398,D,1.0
8399,E,1.0
8400,A,1.0
8401,B,1.0
8402,C,1.0
8403,D,1.0
8404,E,1.0
8405,A,1.0
8406,B,1.0
8407,C,1.0
8408,D,1.0
8409,E,1.0
8410,A,1.0
8411,B,1.0
8412,C,1.0
8413,D,1.0
8414,E,1.0
8415,A,1.0
8416,B,1.0
8417,C,1.0
8418,D,1.0
8419,E,1.0
8420,A,1.0
8421,B,1.0
8422,C,1.0
8423,D,1.0
8424,E,1.0
8425,A,1.0
8426,B,1.0
8427,C,1.0
8428,D,1.0
8429,E,1.0
8430,A,1.0
8431,B,1.0
8432,C,1.0
8433,D,1.0
8434,E,1.0
8435,A,1.0
8436,B,1.0
8437,C,1.0
8438,D,1.0
8439,E,1.0
8440,A,1.0
8441,B,1.0
8442,C,1.0
8443,D,1.0
8444,E,1.0
8445,A,1.0
8446,B,1.0
8447,C,1.0
8448,D,1.0
8449,E,1.0
8450,A,1.0
8451,B,1.0
8452,C,1.0
8453,D,1.0
8454,E,1.0
8455,A,1.0
8456,B,1.0
8457,C,1.0
8458,D,1.0
8459,E,1.0
8460,A,1.0
8461,B,1.0
8462,C,1.0
8463,D,1.0
8464,E,1.0
8465,A,1.0
8466,B,1.0
8467,C,1.0
8468,D,1.0
8469,E,1.0
8470,A,1.0
8471,B,1.0
8472,C,1.0
8473,D,1.0
8474,E,1.0
8475,A,1.0
8476,B,1.0
8477,C,1.0
8478,D,1.0
8479,E,1.0
8480,A,1.0
8481,B,1.0
8482,C,1.0
8483,D,1.0
8484,E,1.0
8485,A,1.0
8486,B,1.0
8487,C,1.0
8488,D,1.0
8489,E,1.0
8490,A,1.0
8491,B,1.0
8492,C,1.0
8493,D,1.0
8494,E,1.0
8495,A,1.0
8496,B,1.0
8497,C,1.0
8498,D,1.0
8499,E,1.0
8500,A,1.0
8501,B,1.0
8502,C,1.0
8503,D,1.0
8504,E,1.0
8505,A,1.0
8506,B,1.0
8507,C,1.0
8508,D,1.0
8509,E,1.0
8510,A,1.0
8511,B,1.0
8512,C,1.0
8513,D,1.0
8514,E,1.0
8515,A,1.0
8516,B,1.0
8517,C,1.0
8518,D,1.0
8519,E,1.0
8520,A,1.0
8521,B,1.0
8522,C,1.0
8523,D,1.0
8524,E,1.0
8525,A,1.0
8526,B,1.0
8527,C,1.0
8528,D,1.0
8529,E,1.0
8530,A,1.0
8531,B,1.0
8532,C,1.0
8533,D,1.0
8534,E,1.0
8535,A,1.0
8536,B,1.0
8537,C,1.0
8538,D,1.0
8539,E,1.0
8540,A,1.0
8541,B,1.0
8542,C,1.0
8543,D,1.0
8544,E,1.0
8545,A,1.0
8546,B,1.0
8547,C,1.0
8548,D,1.0
8549,E,1.0
8550,A,1.0
8551,B,1.0
8552,C,1.0
8553,D,1.0
8554,E,1.0
8555,A,1.0
8556,B,1.0
8557,C,1.0
8558,D,1.0
8559,E,1.0
8560,A,1.0
8561,B,1.0
8562,C,1.0
8563,D,1.0
8564,E,1.0
8565,A,1.0
8566,B,1.0
8567,C,1.0
8568,D,1.0
8569,E,1.0
8570,A,1.0
8571,B,1.0
8572,C,1.0
8573,D,1.0
8574,E,1.0
8575,A,1.0
8576,B,1.0
8577,C,1.0
8578,D,1.0
8579,E,1.0
8580,A,1.0
8581,B,1.0
8582,C,1.0
8583,D,1.0
8584,E,1.0
8585,A,1.0
8586,B,1.0
8587,C,1.0
8588,D,1.0
8589,E,1.0
8590,A,1.0
8591,B,1.0
8592,C,1.0
8593,D,1.0
8594,E,1.0
8595,A,1.0
8596,B,1.0
8597,C,1.0
8598,D,1.0
8599,E,1.0
8600,A,1.0
8601,B,1.0
8602,C,1.0
8603,D,1.0
8604,E,1.0
8605,A,1.0
8606,B,1.0
8607,C,1.0
8608,D,1.0
8609,E,1.0
8610,A,1.0
8611,B,1.0
8612,C,1.0
8613,D,1.0
8614,E,1.0
8615,A,1.0
8616,B,1.0
8617,C,1.0
8618,D,1.0
8619,E,1.0
8620,A,1.0
8621,B,1.0
8622,C,1.0
8623,D,1.0
8624,E,1.0
8625,A,1.0
8626,B,1.0
8627,C,1.0
8628,D,1.0
8629,E,1.0
8630,A,1.0
8631,B,1.0
8632,C,1.0
8633,D,1.0
8634,E,1.0
8635,A,1.0
8636,B,1.0
8637,C,1.0
8638,D,1.0
8639,E,1.0
8640,A,1.0
8641,B,1.0
8642,C,1.0
8643,D,1.0
8644,E,1.0
8645,A,1.0
8646,B,1.0
8647,C,1.0
8648,D,1.0
8649,E,1.0
8650,A,1.0
8651,B,1.0
8652,C,1.0
8653,D,1.0
8654,E,1.0
8655,A,1.0
8656,B,1.0
8657,C,1.0
8658,D,1.0
8659,E,1.0
8660,A,1.0
8661,B,1.0
8662,C,1.0
8663,D,1.0
8664,E,1.0
8665,A,1.0
8666,B,1.0
8667,C,1.0
8668,D,1.0
8669,E,1.0
8670,A,1.0
8671,B,1.0
8672,C,1.0
8673,D,1.0
8674,E,1.0
8675,A,1.0
8676,B,1.0
8677,C,1.0
8678,D,1.0
8679,E,1.0
8680,A,1.0
8681,B,1.0
8682,C,1.0
8683,D,1.0
8684,E,1.0
8685,A,1.0
8686,B,1.0
8687,C,1.0
8688,D,1.0
8689,E,1.0
8690,A,1.0
8691,B,1.0
8692,C,1.0
8693,D,1.0
8694,E,1.0
8695,A,1.0
8696,B,1.0
8697,C,1.0
8698,D,1.0
8699,E,1.0
8700,A,1.0
8701,B,1.0
8702,C,1.0
8703,D,1.0
8704,E,1.0
8705,A,1.0
8706,B,1.0
8707,C,1.0
8708,D,1.0
8709,E,1.0
8710,A,1.0
8711,B,1.0
8712,C,1.0
8713,D,1.0
8714,E,1.0
8715,A,1.0
8716,B,1.0
8717,C,1.0
8718,D,1.0
8719,E,1.0
8720,A,1.0
8721,B,1.0
8722,C,1.0
8723,D,1.0
8724,E,1.0
8725,A,1.0
8726,B,1.0
8727,C,1.0
8728,D,1.0
8729,E,1.0
8730,A,1.0
8731,B,1.0
8732,C,1.0
8733,D,1.0
8734,E,1.0
8735,A,1.0
8736,B,1.0
8737,C,1.0
8738,D,1.0
8739,E,1.0
8740,A,1.0
8741,B,1.0
8742,C,1.0
8743,D,1.0
8744,E,1.0
8745,A,1.0
8746,B,1.0
8747,C,1.0
8748,D,1.0
8749,E,1.0
8750,A,1.0
8751,B,1.0
8752,C,1.0
8753,D,1.0
8754,E,1.0
8755,A,1.0
8756,B,1.0
8757,C,1.0
8758,D,1.0
8759,E,1.0
8760,A,1.0
8761,B,1.0
8762,C,1.0
8763,D,1.0
8764,E,1.0
8765,A,1.0
8766,B,1.0
8767,C,1.0
8768,D,1.0
8769,E,1.0
8770,A,1.0
8771,B,1.0
8772,C,1.0
8773,D,1.0
8774,E,1.0
8775,A,1.0
8776,B,1.0
8777,C,1.0
8778,D,1.0
8779,E,1.0
8780,A,1.0
8781,B,1.0
8782,C,1.0
8783,D,1.0
8784,E,1.0
8785,A,1.0
8786,B,1.0
8787,C,1.0
8788,D,1.0
8789,E,1.0
8790,A,1.0
8791,B,1.0
8792,C,1.0
8793,D,1.0
8794,E,1.0
8795,A,1.0
8796,B,1.0
8797,C,1.0
8798,D,1.0
8799,E,1.0
8800,A,1.0
8801,B,1.0
8802,C,1.0
8803,D,1.0
8804,E,1.0
8805,A,1.0
8806,B,1.0
8807,C,1.0
8808,D,1.0
8809,E,1.0
8810,A,1.0
8811,B,1.0
8812,C,1.0
8813,D,1.0
8814,E,1.0
8815,A,1.0
8816,B,1.0
8817,C,1.0
8818,D,1.0
8819,E,1.0
8820,A,1.0
8821,B,1.0
8822,C,1.0
8823,D,1.0
8824,E,1.0
8825,A,1.0
8826,B,1.0
8827,C,1.0
8828,D,1.0
8829,E,1.0
8830,A,1.0
8831,B,1.0
8832,C,1.0
8833,D,1.0
8834,E,1.0
8835,A,1.0
8836,B,1.0
8837,C,1.0
8838,D,1.0
8839,E,1.0
8840,A,1.0
8841,B,1.0
8842,C,1.0
8843,D,1.0
8844,E,1.0
8845,A,1.0
8846,B,1.0
8847,C,1.0
8848,D,1.0
8849,E,1.0
8850,A,1.0
8851,B,1.0
8852,C,1.0
8853,D,1.0
8854,E,1.0
8855,A,1.0
8856,B,1.0
8857,C,1.0
8858,D,1.0
8859,E,1.0
8860,A,1.0
8861,B,1.0
8862,C,1.0
8863,D,1.0
8864,E,1.0
8865,A,1.0
8866,B,1.0
8867,C,1.0
8868,D,1.0
8869,E,1.0
8870,A,1.0
8871,B,1.0
8872,C,1.0
8873,D,1.0
8874,E,1.0
8875,A,1.0
8876,B,1.0
8877,C,1.0
8878,D,1.0
8879,E,1.0
8880,A,1.0
8881,B,1.0
8882,C,1.0
8883,D,1.0
8884,E,1.0
8885,A,1.0
8886,B,1.0
8887,C,1.0
8888,D,1.0
8889,E,1.0
8890,A,1.0
8891,B,1.0
8892,C,1.0
8893,D,1.0
8894,E,1.0
8895,A,1.0
8896,B,1.0
8897,C,1.0
8898,D,1.0
8899,E,1.0
8900,A,1.0
8901,B,1.0
8902,C,1.0
8903,D,1.0
8904,E,1.0
8905,A,1.0
8906,B,1.0
8907,C,1.0
8908,D,1.0
8909,E,1.0
8910,A,1.0
8911,B,1.0
8912,C,1.0
8913,D,1.0
8914,E,1.0
8915,A,1.0
8916,B,1.0
8917,C,1.0
8918,D,1.0
8919,E,1.0
8920,A,1.0
8921,B,1.0
8922,C,1.0
8923,D,1.0
8924,E,1.0
8925,A,1.0
8926,B,1.0
8927,C,1.0
8928,D,1.0
8929,E,1.0
8930,A,1.0
8931,B,1.0
8932,C,1.0
8933,D,1.0
8934,E,1.0
8935,A,1.0
8936,B,1.0
8937,C,1.0
8938,D,1.0
8939,E,1.0
8940,A,1.0
8941,B,1.0
8942,C,1.0
8943,D,1.0
8944,E,1.0
8945,A,1.0
8946,B,1.0
8947,C,1.0
8948,D,1.0
8949,E,1.0
8950,A,1.0
8951,B,1.0
8952,C,1.0
8953,D,1.0
8954,E,1.0
8955,A,1.0
8956,B,1.0
8957,C,1.0
8958,D,1.0
8959,E,1.0
8960,A,1.0
8961,B,1.0
8962,C,1.0
8963,D,1.0
8964,E,1.0
8965,A,1.0
8966,B,1.0
8967,C,1.0
8968,D,1.0
8969,E,1.0
8970,A,1.0
8971,B,1.0
8972,C,1.0
8973,D,1.0
8974,E,1.0
8975,A,1.0
8976,B,1.0
8977,C,1.0
8978,D,1.0
8979,E,1.0
8980,A,1.0
8981,B,1.0
8982,C,1.0
8983,D,1.0
8984,E,1.0
8985,A,1.0
8986,B,1.0
8987,C,1.0
8988,D,1.0
8989,E,1.0
8990,A,1.0
8991,B,1.0
8992,C,1.0
8993,D,1.0
8994,E,1.0
8995,A,1.0
8996,B,1.0
8997,C,1.0
8998,D,1.0
8999,E,1.0
9000,A,1.0
9001,B,1.0
9002,C,1.0
9003,D,1.0
9004,E,1.0
9005,A,1.0
9006,B,1.0
9007,C,1.0
9008,D,1.0
9009,E,1.0
9010,A,1.0
9011,B,1.0
9012,C,1.0
9013,D,1.0
9014,E,1.0
9015,A,1.0
9016,B,1.0
9017,C,1.0
9018,D,1.0
9019,E,1.0
9020,A,1.0
9021,B,1.0
9022,C,1.0
9023,D,1.0
9024,E,1.0
9025,A,1.0
9026,B,1.0
9027,C,1.0
9028,D,1.0
9029,E,1.0
9030,A,1.0
9031,B,1.0
9032,C,1.0
9033,D,1.0
9034,E,1.0
9035,A,1.0
9036,B,1.0
9037,C,1.0
9038,D,1.0
9039,E,1.0
9040,A,1.0
9041,B,1.0
9042,C,1.0
9043,D,1.0
9044,E,1.0
9045,A,1.0
9046,B,1.0
9047,C,1.0
9048,D,1.0
9049,E,1.0
9050,A,1.0
9051,B,1.0
9052,C,1.0
9053,D,1.0
9054,E,1.0
9055,A,1.0
9056,B,1.0
9057,C,1.0
9058,D,1.0
9059,E,1.0
9060,A,1.0
9061,B,1.0
9062,C,1.0
9063,D,1.0
9064,E,1.0
9065,A,1.0
9066,B,1.0
9067,C,1.0
9068,D,1.0
9069,E,1.0
9070,A,1.0
9071,B,1.0
9072,C,1.0
9073,D,1.0
9074,E,1.0
9075,A,1.0
9076,B,1.0
9077,C,1.0
9078,D,1.0
9079,E,1.0
9080,A,1.0
9081,B,1.0
9082,C,1.0
9083,D,1.0
9084,E,1.0
9085,A,1.0
9086,B,1.0
9087,C,1.0
9088,D,1.0
9089,E,1.0
9090,A,1.0
9091,B,1.0
9092,C,1.0
9093,D,1.0
9094,E,1.0
9095,A,1.0
9096,B,1.0
9097,C,1.0
9098,D,1.0
9099,E,1.0
9100,A,1.0
9101,B,1.0
9102,C,1.0
9103,D,1.0
9104,E,1.0
9105,A,1.0
9106,B,1.0
9107,C,1.0
9108,D,1.0
9109,E,1.0
9110,A,1.0
9111,B,1.0
9112,C,1.0
9113,D,1.0
9114,E,1.0
9115,A,1.0
9116,B,1.0
9117,C,1.0
9118,D,1.0
9119,E,1.0
9120,A,1.0
9121,B,1.0
9122,C,1.0
9123,D,1.0
9124,E,1.0
9125,A,1.0
9126,B,1.0
9127,C,1.0
9128,D,1.0
9129,E,1.0
9130,A,1.0
9131,B,1.0
9132,C,1.0
9133,D,1.0
9134,E,1.0
9135,A,1.0
9136,B,1.0
9137,C,1.0
9138,D,1.0
9139,E,1.0
9140,A,1.0
9141,B,1.0
9142,C,1.0
9143,D,1.0
9144,E,1.0
9145,A,1.0
9146,B,1.0
9147,C,1.0
9148,D,1.0
9149,E,1.0
9150,A,1.0
9151,B,1.0
9152,C,1.0
9153,D,1.0
9154,E,1.0
9155,A,1.0
9156,B,1.0
9157,C,1.0
9158,D,1.0
9159,E,1.0
9160,A,1.0
9161,B,1.0
9162,C,1.0
9163,D,1.0
9164,E,1.0
9165,A,1.0
9166,B,1.0
9167,C,1.0
9168,D,1.0
9169,E,1.0
9170,A,1.0
9171,B,1.0
9172,C,1.0
9173,D,1.0
9174,E,1.0
9175,A,1.0
9176,B,1.0
9177,C,1.0
9178,D,1.0
9179,E,1.0
9180,A,1.0
9181,B,1.0
9182,C,1.0
9183,D,1.0
9184,E,1.0
9185,A,1.0
9186,B,1.0
9187,C,1.0
9188,D,1.0
9189,E,1.0
9190,A,1.0
9191,B,1.0
9192,C,1.0
9193,D,1.0
9194,E,1.0
9195,A,1.0
9196,B,1.0
9197,C,1.0
9198,D,1.0
9199,E,1.0
9200,A,1.0
9201,B,1.0
9202,C,1.0
9203,D,1.0
9204,E,1.0
9205,A,1.0
9206,B,1.0
9207,C,1.0
9208,D,1.0
9209,E,1.0
9210,A,1.0
9211,B,1.0
9212,C,1.0
9213,D,1.0
9214,E,1.0
9215,A,1.0
9216,B,1.0
9217,C,1.0
9218,D,1.0
9219,E,1.0
9220,A,1.0
9221,B,1.0
9222,C,1.0
9223,D,1.0
9224,E,1.0
9225,A,1.0
9226,B,1.0
9227,C,1.0
9228,D,1.0
9229,E,1.0
9230,A,1.0
9231,B,1.0
9232,C,1.0
9233,D,1.0
9234,E,1.0
9235,A,1.0
9236,B,1.0
9237,C,1.0
9238,D,1.0
9239,E,1.0
9240,A,1.0
9241,B,1.0
9242,C,1.0
9243,D,1.0
9244,E,1.0
9245,A,1.0
9246,B,1.0
9247,C,1.0
9248,D,1.0
9249,E,1.0
9250,A,1.0
9251,B,1.0
9252,C,1.0
9253,D,1.0
9254,E,1.0
9255,A,1.0
9256,B,1.0
9257,C,1.0
9258,D,1.0
9259,E,1.0
9260,A,1.0
9261,B,1.0
9262,C,1.0
9263,D,1.0
9264,E,1.0
9265,A,1.0
9266,B,1.0
9267,C,1.0
9268,D,1.0
9269,E,1.0
9270,A,1.0
9271,B,1.0
9272,C,1.0
9273,D,1.0
9274,E,1.0
9275,A,1.0
9276,B,1.0
9277,C,1.0
9278,D,1.0
9279,E,1.0
9280,A,1.0
9281,B,1.0
9282,C,1.0
9283,D,1.0
9284,E,1.0
9285,A,1.0
9286,B,1.0
9287,C,1.0
9288,D,1.0
9289,E,1.0
9290,A,1.0
9291,B,1.0
9292,C,1.0
9293,D,1.0
9294,E,1.0
9295,A,1.0
9296,B,1.0
9297,C,1.0
9298,D,1.0
9299,E,1.0
9300,A,1.0
9301,B,1.0
9302,C,1.0
9303,D,1.0
9304,E,1.0
9305,A,1.0
9306,B,1.0
9307,C,1.0
9308,D,1.0
9309,E,1.0
9310,A,1.0
9311,B,1.0
9312,C,1.0
9313,D,1.0
9314,E,1.0
9315,A,1.0
9316,B,1.0
9317,C,1.0
9318,D,1.0
9319,E,1.0
9320,A,1.0
9321,B,1.0
9322,C,1.0
9323,D,1.0
9324,E,1.0
9325,A,1.0
9326,B,1.0
9327,C,1.0
9328,D,1.0
9329,E,1.0
9330,A,1.0
9331,B,1.0
9332,C,1.0
9333,D,1.0
9334,E,1.0
9335,A,1.0
9336,B,1.0
9337,C,1.0
9338,D,1.0
9339,E,1.0
9340,A,1.0
9341,B,1.0
9342,C,1.0
9343,D,1.0
9344,E,1.0
9345,A,1.0
9346,B,1.0
9347,C,1.0
9348,D,1.0
9349,E,1.0
9350,A,1.0
9351,B,1.0
9352,C,1.0
9353,D,1.0
9354,E,1.0
9355,A,1.0
9356,B,1.0
9357,C,1.0
9358,D,1.0
9359,E,1.0
9360,A,1.0
9361,B,1.0
9362,C,1.0
9363,D,1.0
9364,E,1.0
9365,A,1.0
9366,B,1.0
9367,C,1.0
9368,D,1.0
9369,E,1.0
9370,A,1.0
9371,B,1.0
9372,C,1.0
9373,D,1.0
9374,E,1.0
9375,A,1.0
9376,B,1.0
9377,C,1.0
9378,D,1.0
9379,E,1.0
9380,A,1.0
9381,B,1.0
9382,C,1.0
9383,D,1.0
9384,E,1.0
9385,A,1.0
9386,B,1.0
9387,C,1.0
9388,D,1.0
9389,E,1.0
9390,A,1.0
9391,B,1.0
9392,C,1.0
9393,D,1.0
9394,E,1.0
9395,A,1.0
9396,B,1.0
9397,C,1.0
9398,D,1.0
9399,E,1.0
9400,A,1.0
9401,B,1.0
9402,C,1.0
9403,D,1.0
9404,E,1.0
9405,A,1.0
9406,B,1.0
9407,C,1.0
9408,D,1.0
9409,E,1.0
9410,A,1.0
9411,B,1.0
9412,C,1.0
9413,D,1.0
9414,E,1.0
9415,A,1.0
9416,B,1.0
9417,C,1.0
9418,D,1.0
9419,E,1.0
9420,A,1.0
9421,B,1.0
9422,C,1.0
9423,D,1.0
9424,E,1.0
9425,A,1.0
9426,B,1.0
9427,C,1.0
9428,D,1.0
9429,E,1.0
9430,A,1.0
9431,B,1.0
9432,C,1.0
9433,D,1.0
9434,E,1.0
9435,A,1.0
9436,B,1.0
9437,C,1.0
9438,D,1.0
9439,E,1.0
9440,A,1.0
9441,B,1.0
9442,C,1.0
9443,D,1.0
9444,E,1.0
9445,A,1.0
9446,B,1.0
9447,C,1.0
9448,D,1.0
9449,E,1.0
9450,A,1.0
9451,B,1.0
9452,C,1.0
9453,D,1.0
9454,E,1.0
9455,A,1.0
9456,B,1.0
9457,C,1.0
9458,D,1.0
9459,E,1.0
9460,A,1.0
9461,B,1.0
9462,C,1.0
9463,D,1.0
9464,E,1.0
9465,A,1.0
9466,B,1.0
9467,C,1.0
9468,D,1.0
9469,E,1.0
9470,A,1.0
9471,B,1.0
9472,C,1.0
9473,D,1.0
9474,E,1.0
9475,A,1.0
9476,B,1.0
9477,C,1.0
9478,D,1.0
9479,E,1.0
9480,A,1.0
9481,B,1.0
9482,C,1.0
9483,D,1.0
9484,E,1.0
9485,A,1.0
9486,B,1.0
9487,C,1.0
9488,D,1.0
9489,E,1.0
9490,A,1.0
9491,B,1.0
9492,C,1.0
9493,D,1.0
9494,E,1.0
9495,A,1.0
9496,B,1.0
9497,C,1.0
9498,D,1.0
9499,E,1.0
9500,A,1.0
9501,B,1.0
9502,C,1.0
9503,D,1.0
9504,E,1.0
9505,A,1.0
9506,B,1.0
9507,C,1.0
9508,D,1.0
9509,E,1.0
9510,A,1.0
9511,B,1.0
9512,C,1.0
9513,D,1.0
9514,E,1.0
9515,A,1.0
9516,B,1.0
9517,C,1.0
9518,D,1.0
9519,E,1.0
9520,A,1.0
9521,B,1.0
9522,C,1.0
9523,D,1.0
9524,E,1.0
9525,A,1.0
9526,B,1.0
9527,C,1.0
9528,D,1.0
9529,E,1.0
9530,A,1.0
9531,B,1.0
9532,C,1.0
9533,D,1.0
9534,E,1.0
9535,A,1.0
9536,B,1.0
9537,C,1.0
9538,D,1.0
9539,E,1.0
9540,A,1.0
9541,B,1.0
9542,C,1.0
9543,D,1.0
9544,E,1.0
9545,A,1.0
9546,B,1.0
9547,C,1.0
9548,D,1.0
9549,E,1.0
9550,A,1.0
9551,B,1.0
9552,C,1.0
9553,D,1.0
9554,E,1.0
9555,A,1.0
9556,B,1.0
9557,C,1.0
9558,D,1.0
9559,E,1.0
9560,A,1.0
9561,B,1.0
9562,C,1.0
9563,D,1.0
9564,E,1.0
9565,A,1.0
9566,B,1.0
9567,C,1.0
9568,D,1.0
9569,E,1.0
9570,A,1.0
9571,B,1.0
9572,C,1.0
9573,D,1.0
9574,E,1.0
9575,A,1.0
9576,B,1.0
9577,C,1.0
9578,D,1.0
9579,E,1.0
9580,A,1.0
9581,B,1.0
9582,C,1.0
9583,D,1.0
9584,E,1.0
9585,A,1.0
9586,B,1.0
9587,C,1.0
9588,D,1.0
9589,E,1.0
9590,A,1.0
9591,B,1.0
9592,C,1.0
9593,D,1.0
9594,E,1.0
9595,A,1.0
9596,B,1.0
9597,C,1.0
9598,D,1.0
9599,E,1.0
9600,A,1.0
9601,B,1.0
9602,C,1.0
9603,D,1.0
9604,E,1.0
9605,A,1.0
9606,B,1.0
9607,C,1.0
9608,D,1.0
9609,E,1.0
9610,A,1.0
9611,B,1.0
9612,C,1.0
9613,D,1.0
9614,E,1.0
9615,A,1.0
9616,B,1.0
9617,C,1.0
9618,D,1.0
9619,E,1.0
9620,A,1.0
9621,B,1.0
9622,C,1.0
9623,D,1.0
9624,E,1.0
9625,A,1.0
9626,B,1.0
9627,C,1.0
9628,D,1.0
9629,E,1.0
9630,A,1.0
9631,B,1.0
9632,C,1.0
9633,D,1.0
9634,E,1.0
9635,A,1.0
9636,B,1.0
9637,C,1.0
9638,D,1.0
9639,E,1.0
9640,A,1.0
9641,B,1.0
9642,C,1.0
9643,D,1.0
9644,E,1.0
9645,A,1.0
9646,B,1.0
9647,C,1.0
9648,D,1.0
9649,E,1.0
9650,A,1.0
9651,B,1.0
9652,C,1.0
9653,D,1.0
9654,E,1.0
9655,A,1.0
9656,B,1.0
9657,C,1.0
9658,D,1.0
9659,E,1.0
9660,A,1.0
9661,B,1.0
9662,C,1.0
9663,D,1.0
9664,E,1.0
9665,A,1.0
9666,B,1.0
9667,C,1.0
9668,D,1.0
9669,E,1.0
9670,A,1.0
9671,B,1.0
9672,C,1.0
9673,D,1.0
9674,E,1.0
9675,A,1.0
9676,B,1.0
9677,C,1.0
9678,D,1.0
9679,E,1.0
9680,A,1.0
9681,B,1.0
9682,C,1.0
9683,D,1.0
9684,E,1.0
9685,A,1.0
9686,B,1.0
9687,C,1.0
9688,D,1.0
9689,E,1.0
9690,A,1.0
9691,B,1.0
9692,C,1.0
9693,D,1.0
9694,E,1.0
9695,A,1.0
9696,B,1.0
9697,C,1.0
9698,D,1.0
9699,E,1.0
9700,A,1.0
9701,B,1.0
9702,C,1.0
9703,D,1.0
9704,E,1.0
9705,A,1.0
9706,B,1.0
9707,C,1.0
9708,D,1.0
9709,E,1.0
9710,A,1.0
9711,B,1.0
9712,C,1.0
9713,D,1.0
9714,E,1.0
9715,A,1.0
9716,B,1.0
9717,C,1.0
9718,D,1.0
9719,E,1.0
9720,A,1.0
9721,B,1.0
9722,C,1.0
9723,D,1.0
9724,E,1.0
9725,A,1.0
9726,B,1.0
9727,C,1.0
9728,D,1.0
9729,E,1.0
9730,A,1.0
9731,B,1.0
9732,C,1.0
9733,D,1.0
9734,E,1.0
9735,A,1.0
9736,B,1.0
9737,C,1.0
9738,D,1.0
9739,E,1.0
9740,A,1.0
9741,B,1.0
9742,C,1.0
9743,D,1.0
9744,E,1.0
9745,A,1.0
9746,B,1.0
9747,C,1.0
9748,D,1.0
9749,E,1.0
9750,A,1.0
9751,B,1.0
9752,C,1.0
9753,D,1.0
9754,E,1.0
9755,A,1.0
9756,B,1.0
9757,C,1.0
9758,D,1.0
9759,E,1.0
9760,A,1.0
9761,B,1.0
9762,C,1.0
9763,D,1.0
9764,E,1.0
9765,A,1.0
9766,B,1.0
9767,C,1.0
9768,D,1.0
9769,E,1.0
9770,A,1.0
9771,B,1.0
9772,C,1.0
9773,D,1.0
9774,E,1.0
9775,A,1.0
9776,B,1.0
9777,C,1.0
9778,D,1.0
9779,E,1.0
9780,A,1.0
9781,B,1.0
9782,C,1.0
9783,D,1.0
9784,E,1.0
9785,A,1.0
9786,B,1.0
9787,C,1.0
9788,D,1.0
9789,E,1.0
9790,A,1.0
9791,B,1.0
9792,C,1.0
9793,D,1.0
9794,E,1.0
9795,A,1.0
9796,B,1.0
9797,C,1.0
9798,D,1.0
9799,E,1.0
9800,A,1.0
9801,B,1.0
9802,C,1.0
9803,D,1.0
9804,E,1.0
9805,A,1.0
9806,B,1.0
9807,C,1.0
9808,D,1.0
9809,E,1.0
9810,A,1.0
9811,B,1.0
9812,C,1.0
9813,D,1.0
9814,E,1.0
9815,A,1.0
9816,B,1.0
9817,C,1.0
9818,D,1.0
9819,E,1.0
9820,A,1.0
9821,B,1.0
9822,C,1.0
9823,D,1.0
9824,E,1.0
9825,A,1.0
9826,B,1.0
9827,C,1.0
9828,D,1.0
9829,E,1.0
9830,A,1.0
9831,B,1.0
9832,C,1.0
9833,D,1.0
9834,E,1.0
9835,A,1.0
9836,B,1.0
9837,C,1.0
9838,D,1.0
9839,E,1.0
9840,A,1.0
9841,B,1.0
9842,C,1.0
9843,D,1.0
9844,E,1.0
9845,A,1.0
9846,B,1.0
9847,C,1.0
9848,D,1.0
9849,E,1.0
9850,A,1.0
9851,B,1.0
9852,C,1.0
9853,D,1.0
9854,E,1.0
9855,A,1.0
9856,B,1.0
9857,C,1.0
9858,D,1.0
9859,E,1.0
9860,A,1.0
9861,B,1.0
9862,C,1.0
9863,D,1.0
9864,E,1.0
9865,A,1.0
9866,B,1.0
9867,C,1.0
9868,D,1.0
9869,E,1.0
9870,A,1.0
9871,B,1.0
9872,C,1.0
9873,D,1.0
9874,E,1.0
9875,A,1.0
9876,B,1.0
9877,C,1.0
9878,D,1.0
9879,E,1.0
9880,A,1.0
9881,B,1.0
9882,C,1.0
9883,D,1.0
9884,E,1.0
9885,A,1.0
9886,B,1.0
9887,C,1.0
9888,D,1.0
9889,E,1.0
9890,A,1.0
9891,B,1.0
9892,C,1.0
9893,D,1.0
9894,E,1.0
9895,A,1.0
9896,B,1.0
9897,C,1.0
9898,D,1.0
9899,E,1.0
9900,A,1.0
9901,B,1.0
9902,C,1.0
9903,D,1.0
9904,E,1.0
9905,A,1.0
9906,B,1.0
9907,C,1.0
9908,D,1.0
9909,E,1.0
9910,A,1.0
9911,B,1.0
9912,C,1.0
9913,D,1.0
9914,E,1.0
9915,A,1.0
9916,B,1.0
9917,C,1.0
9918,D,1.0
9919,E,1.0
9920,A,1.0
9921,B,1.0
9922,C,1.0
9923,D,1.0
9924,E,1.0
9925,A,1.0
9926,B,1.0
9927,C,1.0
9928,D,1.0
9929,E,1.0
9930,A,1.0
9931,B,1.0
9932,C,1.0
9933,D,1.0
9934,E,1.0
9935,A,1.0
9936,B,1.0
9937,C,1.0
9938,D,1.0
9939,E,1.0
9940,A,1.0
9941,B,1.0
9942,C,1.0
9943,D,1.0
9944,E,1.0
9945,A,1.0
9946,B,1.0
9947,C,1.0
9948,D,1.0
9949,E,1.0
9950,A,1.0
9951,B,1.0
9952,C,1.0
9953,D,1.0
9954,E,1.0
9955,A,1.0
9956,B,1.0
9957,C,1.0
9958,D,1.0
9959,E,1.0
9960,A,1.0
9961,B,1.0
9962,C,1.0
9963,D,1.0
9964,E,1.0
9965,A,1.0
9966,B,1.0
9967,C,1.0
9968,D,1.0
9969,E,1.0
9970,A,1.0
9971,B,1.0
9972,C,1.0
9973,D,1.0
9974,E,1.0
9975,A,1.0
9976,B,1.0
9977,C,1.0
9978,D,1.0
9979,E,1.0
9980,A,1.0
9981,B,1.0
9982,C,1.0
9983,D,1.0
9984,E,1.0
9985,A,1.0
9986,B,1.0
9987,C,1.0
9988,D,1.0
9989,E,1.0
9990,A,1.0
9991,B,1.0
9992,C,1.0
9993,D,1.0
9994,E,1.0
9995,A,1.0
0,B,1.0
0,C,1.0
0,D,1.0
0,E,1.0
